-- phpMyAdmin SQL Dump
-- version 4.7.0
-- https://www.phpmyadmin.net/
--
-- Host: 127.0.0.1
-- Generation Time: Oct 12, 2017 at 09:18 PM
-- Server version: 10.1.25-MariaDB
-- PHP Version: 7.1.7

SET SQL_MODE = "NO_AUTO_VALUE_ON_ZERO";
SET AUTOCOMMIT = 0;
START TRANSACTION;
SET time_zone = "+00:00";


/*!40101 SET @OLD_CHARACTER_SET_CLIENT=@@CHARACTER_SET_CLIENT */;
/*!40101 SET @OLD_CHARACTER_SET_RESULTS=@@CHARACTER_SET_RESULTS */;
/*!40101 SET @OLD_COLLATION_CONNECTION=@@COLLATION_CONNECTION */;
/*!40101 SET NAMES utf8mb4 */;

--
-- Database: `db_stymuli`
--

-- --------------------------------------------------------

--
-- Table structure for table `area`
--

CREATE TABLE `area` (
  `idarea` int(11) NOT NULL,
  `nombre` varchar(45) NOT NULL,
  `timestamp` timestamp NOT NULL DEFAULT CURRENT_TIMESTAMP ON UPDATE CURRENT_TIMESTAMP
) ENGINE=InnoDB DEFAULT CHARSET=utf8;

--
-- Dumping data for table `area`
--

INSERT INTO `area` (`idarea`, `nombre`, `timestamp`) VALUES
(17, 'RRHH', '2017-10-12 19:10:28'),
(18, 'Marketing', '2017-10-12 19:10:28'),
(19, 'Servicio al Cliente', '2017-10-12 19:10:28'),
(20, 'Ventas', '2017-10-12 19:10:28'),
(21, 'Contabilidad', '2017-10-12 19:10:28'),
(22, 'Distribucion', '2017-10-12 19:10:28'),
(23, 'Tecnologia', '2017-10-12 19:10:28'),
(24, 'Administracion', '2017-10-12 19:10:28'),
(25, 'Produccion', '2017-10-12 19:10:28'),
(26, 'Operaciones', '2017-10-12 19:10:28'),
(27, 'Compras', '2017-10-12 19:10:28'),
(28, 'Departamento Legal', '2017-10-12 19:10:28'),
(33, 'PRUEBAEJEMPLO', '2017-10-12 19:10:28'),
(34, 'prueba-grave_as', '2017-10-12 19:10:28');

-- --------------------------------------------------------

--
-- Table structure for table `kpi`
--

CREATE TABLE `kpi` (
  `idkpi` int(11) NOT NULL,
  `nombre` varchar(25) NOT NULL,
  `descripcion` varchar(255) DEFAULT NULL,
  `timestamp` timestamp NOT NULL DEFAULT CURRENT_TIMESTAMP ON UPDATE CURRENT_TIMESTAMP
) ENGINE=InnoDB DEFAULT CHARSET=utf8;

--
-- Dumping data for table `kpi`
--

INSERT INTO `kpi` (`idkpi`, `nombre`, `descripcion`, `timestamp`) VALUES
(1, 'Ventas', 'Ventas realizadas en el mes', '2017-10-12 19:11:22'),
(2, 'Asistencias', 'Asistencias realizadas en el mes', '2017-10-12 19:11:22'),
(3, 'Calidad', 'Calidad Obtenida en el mes', '2017-10-12 19:11:22'),
(5, 'Ausencias', 'numero de ausencias injustificadas en el mes', '2017-10-12 19:11:22'),
(6, 'Adherencia', '% de tiempo efectivo en horas laborales', '2017-10-12 19:11:22'),
(7, 'Productividad', '%  tiempo productivo', '2017-10-12 19:11:22'),
(8, 'Insatisfaccion', '% insatisfaccion de los clientes', '2017-10-12 19:11:22'),
(9, 'Tiempo Medio', 'tiempo medio de trabajo', '2017-10-12 19:11:22'),
(10, 'Numero de errores', 'cantidad de errores', '2017-10-12 19:11:22'),
(11, '% Alineacion', 'alineacion', '2017-10-12 19:11:22'),
(12, '% Entrega', 'wentrega', '2017-10-12 19:11:22'),
(14, 'sanciones', 'asdsa', '2017-10-12 19:11:22'),
(16, 'mejor-kpi-pruebas', 'as', '2017-10-12 19:11:22');

-- --------------------------------------------------------

--
-- Table structure for table `modelo`
--

CREATE TABLE `modelo` (
  `idmodelo` int(11) NOT NULL,
  `idarea` int(11) NOT NULL,
  `idsubarea` int(11) DEFAULT NULL,
  `tipo_estimulo` varchar(45) NOT NULL,
  `estimulo` decimal(20,2) NOT NULL,
  `descripcion` varchar(255) DEFAULT NULL,
  `mes_modelo` varchar(45) NOT NULL,
  `timestamp` timestamp NOT NULL DEFAULT CURRENT_TIMESTAMP ON UPDATE CURRENT_TIMESTAMP
) ENGINE=InnoDB DEFAULT CHARSET=utf8;

--
-- Dumping data for table `modelo`
--

INSERT INTO `modelo` (`idmodelo`, `idarea`, `idsubarea`, `tipo_estimulo`, `estimulo`, `descripcion`, `mes_modelo`, `timestamp`) VALUES
(1, 22, 14, 'Bono', '50000.00', '', '20161214', '2017-10-12 19:11:52'),
(2, 17, 9, 'Salario', '25.00', 'Calidad emitida', '2016129', '2017-10-12 19:11:52'),
(4, 27, 20, 'Compras_Insatisfaccion', '25.00', '', '20161220', '2017-10-12 19:11:52'),
(5, 24, 17, 'Salario', '25.00', '121', '20161217', '2017-10-12 19:11:52'),
(6, 18, 10, 'Salario', '25.00', 'Bonificación area de Marqueting', '20161210', '2017-10-12 19:11:52'),
(9, 19, 11, 'Salario', '10.00', 'sdfasdfsdf', '20161211', '2017-10-12 19:11:52'),
(10, 21, 13, 'Bono', '500000.00', '', '20161213', '2017-10-12 19:11:52'),
(11, 23, 15, 'Bono', '500000.00', '', '20161215', '2017-10-12 19:11:52'),
(12, 20, 12, 'Ventas_Ventas', '25.00', '', '20161212', '2017-10-12 19:11:52'),
(13, 34, 25, 'prueba-grave-as_mejor-kpi-pruebas', '50.00', '', '20161225', '2017-10-12 19:11:52'),
(14, 34, 25, 'Bono', '5000.00', '', '20171025', '2017-10-12 19:11:52'),
(16, 20, 12, 'Bono', '2.00', '', '20170912', '2017-10-12 19:11:52'),
(17, 27, 20, 'Compras_Insatisfaccion', '25.00', '', '20170120', '2017-10-12 19:11:52'),
(19, 18, 10, 'Salario', '25.00', '', '20170110', '2017-10-12 19:11:52'),
(20, 21, 13, 'Bono', '500000.00', '', '20170113', '2017-10-12 19:11:52'),
(22, 20, 12, 'Ventas_Ventas', '25.00', '', '20170112', '2017-10-12 19:11:52'),
(23, 18, 10, 'Salario', '25.00', '', '20170210', '2017-10-12 19:11:52'),
(24, 20, 12, 'Ventas_Ventas', '25.00', '', '20170212', '2017-10-12 19:11:52'),
(25, 27, 20, 'Compras_Insatisfaccion', '25.00', '', '20170220', '2017-10-12 19:11:52'),
(26, 21, 13, 'Bono', '500000.00', '', '20170213', '2017-10-12 19:11:52'),
(27, 20, 12, 'Ventas_Ventas', '25.00', '', '20170312', '2017-10-12 19:11:52'),
(28, 18, 10, 'Salario', '25.00', '', '20170310', '2017-10-12 19:11:52'),
(29, 21, 13, 'Bono', '500000.00', '', '20170313', '2017-10-12 19:11:52'),
(30, 27, 20, 'Compras_Insatisfaccion', '25.00', '', '20170320', '2017-10-12 19:11:52'),
(32, 18, 10, 'Salario', '25.00', '', '20171010', '2017-10-12 19:11:52'),
(33, 33, 23, 'modelo pepito sanches_% Entrega', '100.00', '', '20170923', '2017-10-12 19:11:52'),
(34, 33, 23, 'modelo pepito sanches_% Entrega', '100.00', '', '20171123', '2017-10-12 19:11:52');

-- --------------------------------------------------------

--
-- Table structure for table `objetivos`
--

CREATE TABLE `objetivos` (
  `idobjetivos` int(11) NOT NULL,
  `idmodelo` int(11) NOT NULL,
  `idkpi` int(11) NOT NULL,
  `comparacion` varchar(45) NOT NULL,
  `valor_objetivo` decimal(20,2) NOT NULL,
  `tipo_objetivo` varchar(45) NOT NULL,
  `valor_ponderado` decimal(10,2) DEFAULT NULL,
  `timestamp` timestamp NOT NULL DEFAULT CURRENT_TIMESTAMP ON UPDATE CURRENT_TIMESTAMP
) ENGINE=InnoDB DEFAULT CHARSET=utf8;

--
-- Dumping data for table `objetivos`
--

INSERT INTO `objetivos` (`idobjetivos`, `idmodelo`, `idkpi`, `comparacion`, `valor_objetivo`, `tipo_objetivo`, `valor_ponderado`, `timestamp`) VALUES
(1, 2, 3, 'Mayor/Igual', '0.90', 'Ponderado', '100.00', '2017-10-12 19:12:19'),
(3, 1, 2, 'Mayor/Igual', '30.00', 'Habilitador', '100.00', '2017-10-12 19:12:19'),
(4, 1, 1, 'Mayor/Igual', '400000.00', 'Ponderado', '0.00', '2017-10-12 19:12:19'),
(5, 1, 3, 'Mayor/Igual', '1.30', 'Ponderado', '0.00', '2017-10-12 19:12:19'),
(6, 4, 2, 'Mayor/Igual', '2.00', 'Ponderado', '50.00', '2017-10-12 19:12:19'),
(7, 4, 3, 'Mayor/Igual', '0.50', 'Ponderado', '50.00', '2017-10-12 19:12:19'),
(8, 5, 2, 'Igual', '0.00', 'Ponderado', '30.00', '2017-10-12 19:12:19'),
(9, 6, 5, 'Igual', '0.00', 'Habilitador', '100.00', '2017-10-12 19:12:19'),
(10, 6, 6, 'Mayor/Igual', '0.93', 'Habilitador', '100.00', '2017-10-12 19:12:19'),
(11, 6, 7, 'Mayor/Igual', '0.32', 'Habilitador', '100.00', '2017-10-12 19:12:19'),
(12, 6, 8, 'Mayor/Igual', '-0.13', 'Ponderado', '70.00', '2017-10-12 19:12:19'),
(13, 6, 3, 'Mayor/Igual', '0.90', 'Ponderado', '20.00', '2017-10-12 19:12:19'),
(14, 6, 9, 'Menor/Igual', '419.00', 'Ponderado', '10.00', '2017-10-12 19:12:19'),
(18, 5, 7, 'Menor/Igual', '80.00', 'Ponderado', '40.00', '2017-10-12 19:12:19'),
(22, 5, 1, 'Mayor/Igual', '1000.00', 'Habilitador', '100.00', '2017-10-12 19:12:19'),
(23, 9, 7, 'Menor/Igual', '10.00', 'Ponderado', '20.00', '2017-10-12 19:12:19'),
(24, 9, 9, 'Igual', '100.00', 'Ponderado', '50.00', '2017-10-12 19:12:19'),
(25, 9, 3, 'Igual', '0.95', 'Ponderado', '40.00', '2017-10-12 19:12:19'),
(26, 9, 2, 'Igual', '0.00', 'Habilitador', '100.00', '2017-10-12 19:12:19'),
(27, 10, 10, 'Menor/Igual', '2.00', 'Ponderado', '50.00', '2017-10-12 19:12:19'),
(28, 10, 11, 'Mayor/Igual', '0.90', 'Ponderado', '20.00', '2017-10-12 19:12:19'),
(29, 10, 12, 'Mayor/Igual', '0.95', 'Ponderado', '30.00', '2017-10-12 19:12:19'),
(30, 11, 5, 'Igual', '0.00', 'Habilitador', '100.00', '2017-10-12 19:12:19'),
(31, 11, 3, 'Mayor/Igual', '0.90', 'Ponderado', '50.00', '2017-10-12 19:12:19'),
(33, 11, 7, 'Mayor/Igual', '0.80', 'Ponderado', '50.00', '2017-10-12 19:12:19'),
(34, 5, 3, 'Mayor/Igual', '30.00', 'Ponderado', '30.00', '2017-10-12 19:12:19'),
(35, 12, 1, 'Mayor/Igual', '50000.00', 'Ponderado', '30.00', '2017-10-12 19:12:19'),
(36, 12, 8, 'Mayor/Igual', '1.00', 'Ponderado', '20.00', '2017-10-12 19:12:19'),
(37, 12, 10, 'Mayor/Igual', '4.00', 'Ponderado', '20.00', '2017-10-12 19:12:19'),
(38, 12, 12, 'Mayor/Igual', '1.00', 'Ponderado', '30.00', '2017-10-12 19:12:19'),
(39, 4, 8, 'Mayor/Igual', '20.00', 'Ponderado', '10.00', '2017-10-12 19:12:19'),
(40, 13, 6, 'Mayor/Igual', '82000.00', 'Ponderado', '50.00', '2017-10-12 19:12:19'),
(41, 13, 7, 'Menor/Igual', '2.00', 'Ponderado', '20.00', '2017-10-12 19:12:19'),
(42, 13, 5, 'Menor/Igual', '2.00', 'Ponderado', '30.00', '2017-10-12 19:12:19'),
(43, 13, 16, 'Mayor/Igual', '1000000.00', 'Ponderado', '50.00', '2017-10-12 19:12:19'),
(44, 14, 6, 'Mayor/Igual', '82000.00', 'Ponderado', '50.00', '2017-10-12 19:12:19'),
(45, 14, 7, 'Menor/Igual', '2.00', 'Ponderado', '20.00', '2017-10-12 19:12:19'),
(46, 14, 5, 'Menor/Igual', '2.00', 'Ponderado', '30.00', '2017-10-12 19:12:19'),
(47, 14, 16, 'Mayor/Igual', '1000000.00', 'Ponderado', '50.00', '2017-10-12 19:12:19'),
(58, 17, 2, 'Mayor/Igual', '2.00', 'Ponderado', '50.00', '2017-10-12 19:12:19'),
(59, 17, 3, 'Mayor/Igual', '0.50', 'Ponderado', '50.00', '2017-10-12 19:12:19'),
(60, 17, 8, 'Mayor/Igual', '20.00', 'Ponderado', '10.00', '2017-10-12 19:12:19'),
(61, 19, 5, 'Igual', '0.00', 'Habilitador', '100.00', '2017-10-12 19:12:19'),
(62, 19, 6, 'Mayor/Igual', '0.93', 'Habilitador', '100.00', '2017-10-12 19:12:19'),
(63, 19, 7, 'Mayor/Igual', '0.32', 'Habilitador', '100.00', '2017-10-12 19:12:19'),
(64, 19, 8, 'Mayor/Igual', '-0.13', 'Ponderado', '70.00', '2017-10-12 19:12:19'),
(65, 19, 3, 'Mayor/Igual', '0.90', 'Ponderado', '20.00', '2017-10-12 19:12:19'),
(66, 19, 9, 'Menor/Igual', '419.00', 'Ponderado', '10.00', '2017-10-12 19:12:19'),
(68, 20, 10, 'Menor/Igual', '2.00', 'Ponderado', '50.00', '2017-10-12 19:12:19'),
(69, 20, 11, 'Mayor/Igual', '0.90', 'Ponderado', '20.00', '2017-10-12 19:12:19'),
(70, 20, 12, 'Mayor/Igual', '0.95', 'Ponderado', '30.00', '2017-10-12 19:12:19'),
(78, 23, 5, 'Igual', '0.00', 'Habilitador', '100.00', '2017-10-12 19:12:19'),
(79, 23, 6, 'Mayor/Igual', '0.93', 'Habilitador', '100.00', '2017-10-12 19:12:19'),
(80, 23, 7, 'Mayor/Igual', '0.32', 'Habilitador', '100.00', '2017-10-12 19:12:19'),
(81, 23, 8, 'Mayor/Igual', '-0.13', 'Ponderado', '70.00', '2017-10-12 19:12:19'),
(82, 23, 3, 'Mayor/Igual', '0.90', 'Ponderado', '20.00', '2017-10-12 19:12:19'),
(83, 23, 9, 'Menor/Igual', '419.00', 'Ponderado', '10.00', '2017-10-12 19:12:19'),
(85, 25, 2, 'Mayor/Igual', '2.00', 'Ponderado', '50.00', '2017-10-12 19:12:19'),
(86, 25, 3, 'Mayor/Igual', '0.50', 'Ponderado', '50.00', '2017-10-12 19:12:19'),
(87, 25, 8, 'Mayor/Igual', '20.00', 'Ponderado', '10.00', '2017-10-12 19:12:19'),
(88, 26, 10, 'Menor/Igual', '2.00', 'Ponderado', '50.00', '2017-10-12 19:12:19'),
(89, 26, 11, 'Mayor/Igual', '0.90', 'Ponderado', '20.00', '2017-10-12 19:12:19'),
(90, 26, 12, 'Mayor/Igual', '0.95', 'Ponderado', '30.00', '2017-10-12 19:12:19'),
(91, 22, 1, 'Mayor/Igual', '50000.00', 'Ponderado', '30.00', '2017-10-12 19:12:19'),
(92, 22, 8, 'Mayor/Igual', '1.00', 'Ponderado', '20.00', '2017-10-12 19:12:19'),
(93, 22, 10, 'Mayor/Igual', '4.00', 'Ponderado', '20.00', '2017-10-12 19:12:19'),
(94, 22, 12, 'Mayor/Igual', '1.00', 'Ponderado', '30.00', '2017-10-12 19:12:19'),
(98, 24, 1, 'Mayor/Igual', '50000.00', 'Ponderado', '30.00', '2017-10-12 19:12:19'),
(99, 24, 8, 'Mayor/Igual', '1.00', 'Ponderado', '20.00', '2017-10-12 19:12:19'),
(100, 24, 10, 'Mayor/Igual', '4.00', 'Ponderado', '20.00', '2017-10-12 19:12:19'),
(101, 24, 12, 'Mayor/Igual', '1.00', 'Ponderado', '30.00', '2017-10-12 19:12:19'),
(105, 27, 1, 'Mayor/Igual', '50000.00', 'Ponderado', '30.00', '2017-10-12 19:12:19'),
(106, 27, 8, 'Mayor/Igual', '1.00', 'Ponderado', '20.00', '2017-10-12 19:12:19'),
(107, 27, 10, 'Mayor/Igual', '4.00', 'Ponderado', '20.00', '2017-10-12 19:12:19'),
(108, 27, 12, 'Mayor/Igual', '1.00', 'Ponderado', '30.00', '2017-10-12 19:12:19'),
(112, 28, 5, 'Igual', '0.00', 'Habilitador', '100.00', '2017-10-12 19:12:19'),
(113, 28, 6, 'Mayor/Igual', '0.93', 'Habilitador', '100.00', '2017-10-12 19:12:19'),
(114, 28, 7, 'Mayor/Igual', '0.32', 'Habilitador', '100.00', '2017-10-12 19:12:19'),
(115, 28, 8, 'Mayor/Igual', '-0.13', 'Ponderado', '70.00', '2017-10-12 19:12:19'),
(116, 28, 3, 'Mayor/Igual', '0.90', 'Ponderado', '20.00', '2017-10-12 19:12:19'),
(117, 28, 9, 'Menor/Igual', '419.00', 'Ponderado', '10.00', '2017-10-12 19:12:19'),
(119, 29, 10, 'Menor/Igual', '2.00', 'Ponderado', '50.00', '2017-10-12 19:12:19'),
(120, 29, 11, 'Mayor/Igual', '0.90', 'Ponderado', '20.00', '2017-10-12 19:12:19'),
(121, 29, 12, 'Mayor/Igual', '0.95', 'Ponderado', '30.00', '2017-10-12 19:12:19'),
(122, 30, 2, 'Mayor/Igual', '2.00', 'Ponderado', '50.00', '2017-10-12 19:12:19'),
(123, 30, 3, 'Mayor/Igual', '0.50', 'Ponderado', '50.00', '2017-10-12 19:12:19'),
(124, 30, 8, 'Mayor/Igual', '20.00', 'Ponderado', '10.00', '2017-10-12 19:12:19'),
(125, 33, 12, 'Mayor/Igual', '100000.00', 'Ponderado', '30.00', '2017-10-12 19:12:19'),
(126, 33, 3, 'Mayor/Igual', '20.00', 'Ponderado', '40.00', '2017-10-12 19:12:19'),
(127, 33, 10, 'Mayor/Igual', '30.00', 'Ponderado', '30.00', '2017-10-12 19:12:19'),
(128, 34, 12, 'Mayor/Igual', '100000.00', 'Ponderado', '30.00', '2017-10-12 19:12:19'),
(129, 34, 3, 'Mayor/Igual', '20.00', 'Ponderado', '40.00', '2017-10-12 19:12:19'),
(130, 34, 10, 'Mayor/Igual', '30.00', 'Ponderado', '30.00', '2017-10-12 19:12:19');

-- --------------------------------------------------------

--
-- Table structure for table `persona`
--

CREATE TABLE `persona` (
  `idpersona` int(11) NOT NULL,
  `nombre` varchar(45) NOT NULL,
  `apaterno` varchar(45) NOT NULL,
  `amaterno` varchar(45) NOT NULL,
  `tipo_documento` varchar(25) NOT NULL,
  `documento` varchar(45) NOT NULL,
  `email` varchar(45) DEFAULT NULL,
  `tel` varchar(45) DEFAULT NULL,
  `idarea` int(11) NOT NULL,
  `idsubarea` int(11) DEFAULT NULL,
  `cargo` varchar(45) DEFAULT NULL,
  `salario` decimal(10,2) NOT NULL,
  `acceso` varchar(45) NOT NULL,
  `password` varchar(255) DEFAULT NULL,
  `estado` varchar(45) NOT NULL,
  `timestamp` timestamp NOT NULL DEFAULT CURRENT_TIMESTAMP ON UPDATE CURRENT_TIMESTAMP,
  `idpersonaupdated` int(11) DEFAULT NULL
) ENGINE=InnoDB DEFAULT CHARSET=utf8;

--
-- Dumping data for table `persona`
--

INSERT INTO `persona` (`idpersona`, `nombre`, `apaterno`, `amaterno`, `tipo_documento`, `documento`, `email`, `tel`, `idarea`, `idsubarea`, `cargo`, `salario`, `acceso`, `password`, `estado`, `timestamp`, `idpersonaupdated`) VALUES
(1, '﻿Yury Alejandra Ramirez Castaño', '', '', 'Cedula de Ciudadania', '1053839247', '', '', 18, 10, '', '619129.00', 'Trabajador', '$2a$12$RTHBAXnNQr34tj/xorx67.nHE85RIzR/02rkRRtNOapjnf46aDe4O', 'Activo\r', '2017-10-12 19:12:45', NULL),
(2, 'Yuliana Andrea Pérez Díaz', '', '', 'Cedula de Ciudadania', '24339478', '', '', 18, 10, '', '913294.00', 'Trabajador', NULL, 'Activo\r', '2017-10-12 19:12:45', NULL),
(3, 'Yesica Alejandra Arias Ramirez', '', '', 'Cedula de Ciudadania', '1002645215', '', '', 18, 10, '', '825506.00', 'Trabajador', NULL, 'Activo\r', '2017-10-12 19:12:45', NULL),
(4, 'Yesenia Mejia Sanchez', '', '', 'Cedula de Ciudadania', '1060590308', '', '', 18, 10, '', '913294.00', 'Trabajador', NULL, 'Activo\r', '2017-10-12 19:12:45', NULL),
(5, 'Yeimi Lorena Restrepo Aguirre', '', '', 'Cedula de Ciudadania', '1053802973', '', '', 18, 10, '', '737717.00', 'Trabajador', NULL, 'Activo\r', '2017-10-12 19:12:45', NULL),
(6, 'Sebastian Soto Valencia', '', '', 'Cedula de Ciudadania', '1053845999', '', '', 18, 10, '', '684971.00', 'Trabajador', NULL, 'Activo\r', '2017-10-12 19:12:45', NULL),
(7, 'Santiago Castañeda', '', '', 'Cedula de Ciudadania', '1053835978', '', '', 18, 10, '', '737717.00', 'Trabajador', NULL, 'Activo\r', '2017-10-12 19:12:45', NULL),
(8, 'Paola Alejandra Gomez Gallego', '', '', 'Cedula de Ciudadania', '1053773495', '', '', 18, 10, '', '913294.00', 'Trabajador', NULL, 'Activo\r', '2017-10-12 19:12:45', NULL),
(9, 'Olvedis Castaño  Zuluaga', '', '', 'Cedula de Ciudadania', '75073171', '', '', 18, 10, '', '913294.00', 'Trabajador', NULL, 'Activo\r', '2017-10-12 19:12:45', NULL),
(10, 'Monica Villa Betancur', '', '', 'Cedula de Ciudadania', '30329007', '', '', 18, 10, '', '913294.00', 'Trabajador', '$2a$12$fs6wpk5dLjYf3rE/oHLdoexrJ6foUCE4WIOsffzni4xuwCvhyS.z2', 'Activo\r', '2017-10-12 19:12:45', NULL),
(11, 'Mario Alisder Naranjo Ospina', '', '', 'Cedula de Ciudadania', '75097225', '', '', 18, 10, '', '913294.00', 'Trabajador', NULL, 'Activo\r', '2017-10-12 19:12:45', NULL),
(12, 'María Deyanira Isaza Buitrago', '', '', 'Cedula de Ciudadania', '1004670353', '', '', 18, 10, '', '737717.00', 'Trabajador', NULL, 'Activo\r', '2017-10-12 19:12:45', NULL),
(13, 'Luisa Fernanda Valencia Garcia', '', '', 'Cedula de Ciudadania', '1055833157', '', '', 18, 10, '', '737717.00', 'Trabajador', NULL, 'Activo\r', '2017-10-12 19:12:45', NULL),
(14, 'Luisa Fernanda Osorio Aguirre', '', '', 'Cedula de Ciudadania', '1053846683', '', '', 18, 10, '', '684971.00', 'Trabajador', NULL, 'Activo\r', '2017-10-12 19:12:45', NULL),
(15, 'Luisa Fernanda Lopez Pérez', '', '', 'Cedula de Ciudadania', '24780501', '', '', 18, 10, '', '737717.00', 'Trabajador', NULL, 'Activo\r', '2017-10-12 19:12:45', NULL),
(16, 'Jiovanny Andres Osorio Rincon', '', '', 'Cedula de Ciudadania', '75103470', '', '', 18, 10, '', '913294.00', 'Trabajador', NULL, 'Activo\r', '2017-10-12 19:12:45', NULL),
(17, 'Jhon Alexander Nieto Castaño', '', '', 'Cedula de Ciudadania', '1053845963', '', '', 18, 10, '', '737717.00', 'Trabajador', NULL, 'Activo\r', '2017-10-12 19:12:45', NULL),
(18, 'Yesenia Alejandra Martinez Jaramillo', '', '', 'Cedula de Ciudadania', '1053834332', '', '', 18, 10, '', '619129.00', 'Trabajador', NULL, 'Activo\r', '2017-10-12 19:12:45', NULL),
(19, 'Jazmin Andrea Cerquera Ramirez', '', '', 'Cedula de Ciudadania', '1053814489', '', '', 18, 10, '', '461073.00', 'Trabajador', NULL, 'Activo\r', '2017-10-12 19:12:45', NULL),
(20, 'Henry Humberto Tangarife Quintero', '', '', 'Cedula de Ciudadania', '3058982', '', '', 18, 10, '', '913294.00', 'Trabajador', NULL, 'Activo\r', '2017-10-12 19:12:45', NULL),
(21, 'Claudia Lucia Hoyos Puerta', '', '', 'Cedula de Ciudadania', '30325369', '', '', 18, 10, '', '913294.00', 'Trabajador', NULL, 'Activo\r', '2017-10-12 19:12:45', NULL),
(22, 'Carlos Arturo Valencia Álzate', '', '', 'Cedula de Ciudadania', '1053850716', '', '', 18, 10, '', '737717.00', 'Trabajador', NULL, 'Activo\r', '2017-10-12 19:12:45', NULL),
(23, 'Bibiana Ospina Aguirre', '', '', 'Cedula de Ciudadania', '65816260', '', '', 18, 10, '', '913294.00', 'Trabajador', NULL, 'Activo\r', '2017-10-12 19:12:45', NULL),
(24, 'Bertha Liliana Castañeda Gomez', '', '', 'Cedula de Ciudadania', '30294251', '', '', 18, 10, '', '913294.00', 'Trabajador', NULL, 'Activo\r', '2017-10-12 19:12:45', NULL),
(25, 'Astrid Yulieth Quintero Castro', '', '', 'Cedula de Ciudadania', '1060648660', '', '', 18, 10, '', '913294.00', 'Trabajador', NULL, 'Activo\r', '2017-10-12 19:12:45', NULL),
(26, 'Angie Mavell Montoya Orozco', '', '', 'Cedula de Ciudadania', '1053829315', '', '', 18, 10, '', '913294.00', 'Trabajador', NULL, 'Activo\r', '2017-10-12 19:12:45', NULL),
(27, 'Andres Fernando Gonzalez Trejos ', '', '', 'Cedula de Ciudadania', '1060646793', '', '', 18, 10, '', '825506.00', 'Trabajador', NULL, 'Activo\r', '2017-10-12 19:12:45', NULL),
(28, 'Andres Felipe Viñez Mendieta', '', '', 'Cedula de Ciudadania', '1053764976', '', '', 18, 10, '', '737717.00', 'Trabajador', NULL, 'Activo\r', '2017-10-12 19:12:45', NULL),
(29, 'Yimmy Cristian Arias Sanchez', '', '', 'Cedula de Ciudadania', '16078379', '', '', 18, 10, '', '825506.00', 'Trabajador', NULL, 'Activo\r', '2017-10-12 19:12:45', NULL),
(30, 'Andrea Marcela Madroñero Vera', '', '', 'Cedula de Ciudadania', '1019057734', '', '', 18, 10, '', '913294.00', 'Trabajador', NULL, 'Activo\r', '2017-10-12 19:12:45', NULL),
(31, 'Alejandro Buitrago', '', '', 'Cedula de Ciudadania', '1053830702', '', '', 18, 10, '', '737717.00', 'Trabajador', NULL, 'Activo\r', '2017-10-12 19:12:45', NULL),
(32, 'Adrian Rivera Giraldo', '', '', 'Cedula de Ciudadania', '75100227', '', '', 18, 10, '', '913294.00', 'Trabajador', NULL, 'Activo\r', '2017-10-12 19:12:45', NULL),
(33, 'Yury Andrea Arias Velásquez', '', '', 'Cedula de Ciudadania', '1053805855', '', '', 18, 10, '', '913294.00', 'Trabajador', NULL, 'Activo\r', '2017-10-12 19:12:45', NULL),
(34, 'Luisa Fernanda Zuluaga Loaiza', '', '', 'Cedula de Ciudadania', '24334926', '', '', 18, 10, '', '737717.00', 'Trabajador', NULL, 'Activo\r', '2017-10-12 19:12:45', NULL),
(35, 'Luisa Fernanda Cardona Cardona', '', '', 'Cedula de Ciudadania', '1053841539', '', '', 18, 10, '', '737717.00', 'Trabajador', NULL, 'Activo\r', '2017-10-12 19:12:45', NULL),
(36, 'Juan Pablo Montoya Montoya', '', '', 'Cedula de Ciudadania', '6550997', '', '', 18, 10, '', '461073.00', 'Trabajador', NULL, 'Activo\r', '2017-10-12 19:12:45', NULL),
(37, 'Claudia Lorena Flor Alvarez', '', '', 'Cedula de Ciudadania', '1060648402', '', '', 18, 10, '', '913294.00', 'Trabajador', NULL, 'Activo\r', '2017-10-12 19:12:45', NULL),
(38, 'Daniel Alberto Alvarez Florez', '', '', 'Cedula de Ciudadania', '1093538603', '', '', 18, 10, '', '368858.00', 'Trabajador', NULL, 'Activo\r', '2017-10-12 19:12:45', NULL),
(39, 'Juan Diego Caro Beltran', '', '', 'Cedula de Ciudadania', '1053862485', '', '', 18, 10, '', '737717.00', 'Trabajador', NULL, 'Activo\r', '2017-10-12 19:12:45', NULL),
(40, 'Miguel Ángel Contreras Hernández', '', '', 'Cedula de Ciudadania', '1030567820', '', '', 18, 10, '', '737717.00', 'Trabajador', NULL, 'Activo\r', '2017-10-12 19:12:45', NULL),
(41, 'David Alejandro Molina Lopez', '', '', 'Cedula de Ciudadania', '1032500916', '', '', 18, 10, '', '461073.00', 'Trabajador', NULL, 'Activo\r', '2017-10-12 19:12:45', NULL),
(42, 'Erika Johanna Arias Morales', '', '', 'Cedula de Ciudadania', '1116261136', '', '', 18, 10, '', '461073.00', 'Trabajador', NULL, 'Activo\r', '2017-10-12 19:12:45', NULL),
(43, 'Eduar Alberto Marin Perez', '', '', 'Cedula de Ciudadania', '16075659', '', '', 18, 10, '', '737717.00', 'Trabajador', NULL, 'Activo\r', '2017-10-12 19:12:45', NULL),
(44, 'Gina Paola Esteban Valencia', '', '', 'Cedula de Ciudadania', '1053805501', '', '', 18, 10, '', '553288.00', 'Trabajador', NULL, 'Activo\r', '2017-10-12 19:12:45', NULL),
(45, 'Martha Lucia Herrera Morales', '', '', 'Cedula de Ciudadania', '30394932', '', '', 18, 10, '', '737717.00', 'Trabajador', NULL, 'Activo\r', '2017-10-12 19:12:45', NULL),
(46, 'Daniel Camilo Calderon Dussan', '', '', 'Cedula de Ciudadania', '1075258671', '', '', 18, 10, '', '737717.00', 'Trabajador', NULL, 'Activo\r', '2017-10-12 19:12:45', NULL),
(47, 'Nelson Fabio Hernández', '', '', 'Cedula de Ciudadania', '16072499', '', '', 18, 10, '', '913294.00', 'Trabajador', NULL, 'Activo\r', '2017-10-12 19:12:45', NULL),
(48, 'Angie Vanessa Vallejo Tabares', '', '', 'Cedula de Ciudadania', '1056303921', '', '', 18, 10, '', '553288.00', 'Trabajador', NULL, 'Activo\r', '2017-10-12 19:12:45', NULL),
(49, 'Jeison Esneider Sanchez Valero', '', '', 'Cedula de Ciudadania', '1053847827', '', '', 18, 10, '', '737717.00', 'Trabajador', NULL, 'Activo\r', '2017-10-12 19:12:45', NULL),
(50, 'Diana Patricia Chaverra Borrero', '', '', 'Cedula de Ciudadania', '1097400143', '', '', 18, 10, '', '737717.00', 'Trabajador', NULL, 'Activo\r', '2017-10-12 19:12:45', NULL),
(51, 'Viviana Arias Hernandez', '', '', 'Cedula de Ciudadania', '1053784927', '', '', 18, 10, '', '737717.00', 'Trabajador', NULL, 'Activo\r', '2017-10-12 19:12:45', NULL),
(52, 'Victor Alfonso Zapata', '', '', 'Cedula de Ciudadania', '1053770872', '', '', 18, 10, '', '737717.00', 'Trabajador', NULL, 'Activo\r', '2017-10-12 19:12:45', NULL),
(53, 'Luz Angela Moreno Rivera', '', '', 'Cedula de Ciudadania', '24549698', '', '', 18, 10, '', '553288.00', 'Trabajador', NULL, 'Activo\r', '2017-10-12 19:12:45', NULL),
(54, 'Lina Johana Restrepo Garcia', '', '', 'Cedula de Ciudadania', '1053824102', '', '', 18, 10, '', '553288.00', 'Trabajador', NULL, 'Activo\r', '2017-10-12 19:12:45', NULL),
(55, 'Diana Carolina Marles Garcia', '', '', 'Cedula de Ciudadania', '38362997', '', '', 18, 10, '', '553288.00', 'Trabajador', NULL, 'Activo\r', '2017-10-12 19:12:45', NULL),
(56, 'Eliana Igned Villa Arias', '', '', 'Cedula de Ciudadania', '38640597', '', '', 18, 10, '', '737717.00', 'Trabajador', NULL, 'Activo\r', '2017-10-12 19:12:45', NULL),
(57, 'José Manuel Zapata Muñoz', '', '', 'Cedula de Ciudadania', '1053863741', '', '', 18, 10, '', '737717.00', 'Trabajador', NULL, 'Activo\r', '2017-10-12 19:12:45', NULL),
(58, 'Leidy Vanesa Rincón Rincón ', '', '', 'Cedula de Ciudadania', '1053844575', '', '', 18, 10, '', '737717.00', 'Trabajador', NULL, 'Activo\r', '2017-10-12 19:12:45', NULL),
(59, 'Diana Marcela Hernández Gutiérrez', '', '', 'Cedula de Ciudadania', '1053830598', '', '', 18, 10, '', '737717.00', 'Trabajador', NULL, 'Activo\r', '2017-10-12 19:12:45', NULL),
(60, 'Yenni Fernanda Orozco Arango', '', '', 'Cedula de Ciudadania', '1053863647', '', '', 18, 10, '', '737717.00', 'Trabajador', NULL, 'Activo\r', '2017-10-12 19:12:45', NULL),
(61, 'Brenda Marcela Tejada Arbelaez', '', '', 'Cedula de Ciudadania', '1053863477', '', '', 18, 10, '', '737717.00', 'Trabajador', NULL, 'Activo\r', '2017-10-12 19:12:45', NULL),
(62, 'Juan Sebastián Marín Pineda', '', '', 'Cedula de Ciudadania', '1053807819', '', '', 18, 10, '', '737717.00', 'Trabajador', NULL, 'Activo\r', '2017-10-12 19:12:45', NULL),
(63, 'Victor Cuartas Castaño', '', '', 'Cedula de Ciudadania', '75106861', '', '', 18, 10, '', '737717.00', 'Trabajador', NULL, 'Activo\r', '2017-10-12 19:12:45', NULL),
(64, 'Jessica Paola Lopez Gomez ', '', '', 'Cedula de Ciudadania', '1060652986', '', '', 18, 10, '', '913294.00', 'Trabajador', NULL, 'Activo\r', '2017-10-12 19:12:45', NULL),
(65, 'Maria Luisa Delmoral Quintero', '', '', 'Cedula de Ciudadania', '1053849931', '', '', 18, 10, '', '737717.00', 'Trabajador', NULL, 'Activo\r', '2017-10-12 19:12:45', NULL),
(66, 'Pilar Cecilia Mancilla Osorio', '', '', 'Cedula de Ciudadania', '31939119', '', '', 18, 10, '', '825506.00', 'Trabajador', NULL, 'Activo\r', '2017-10-12 19:12:45', NULL),
(67, 'Claudia Marcela Galeano Bedoya', '', '', 'Cedula de Ciudadania', '52062914', '', '', 18, 10, '', '913294.00', 'Trabajador', NULL, 'Activo\r', '2017-10-12 19:12:45', NULL),
(68, 'Hector Alfonso  Zuluaga Aristizabal', '', '', 'Cedula de Ciudadania', '1013581014', '', '', 18, 10, '', '737717.00', 'Trabajador', NULL, 'Activo\r', '2017-10-12 19:12:45', NULL),
(69, 'Sebastián  Franco Arias', '', '', 'Cedula de Ciudadania', '1053860820', '', '', 18, 10, '', '737717.00', 'Trabajador', NULL, 'Activo\r', '2017-10-12 19:12:45', NULL),
(70, 'Maria Angelica Cardona Aguirre', '', '', 'Cedula de Ciudadania', '1060654045', '', '', 18, 10, '', '737717.00', 'Trabajador', NULL, 'Activo\r', '2017-10-12 19:12:45', NULL),
(71, 'Sandra Milena Sierra Trejos', '', '', 'Cedula de Ciudadania', '24332800', '', '', 18, 10, '', '913294.00', 'Trabajador', NULL, 'Activo\r', '2017-10-12 19:12:45', NULL),
(72, 'Karen Yulieth Florez Melo ', '', '', 'Cedula de Ciudadania', '1053817760', '', '', 18, 10, '', '913294.00', 'Trabajador', NULL, 'Activo\r', '2017-10-12 19:12:45', NULL),
(73, 'Manuel Alejandro Escobar Quintero', '', '', 'Cedula de Ciudadania', '75107604', '', '', 18, 10, '', '553288.00', 'Trabajador', NULL, 'Activo\r', '2017-10-12 19:12:45', NULL),
(74, 'Maikol Steven Ramirez Aristizabal', '', '', 'Cedula de Ciudadania', '1053869506', '', '', 18, 10, '', '553288.00', 'Trabajador', NULL, 'Activo\r', '2017-10-12 19:12:45', NULL),
(75, 'Duvaniel Estive Castrillon Herrera', '', '', 'Cedula de Ciudadania', '15491058', '', '', 18, 10, '', '553288.00', 'Trabajador', NULL, 'Activo\r', '2017-10-12 19:12:45', NULL),
(76, 'Alejandro Castrillon Garcia', '', '', 'Cedula de Ciudadania', '1053867409', '', '', 18, 10, '', '553288.00', 'Trabajador', NULL, 'Activo\r', '2017-10-12 19:12:45', NULL),
(77, 'Diana Yaneth Mazo Gomez', '', '', 'Cedula de Ciudadania', '30234893', '', '', 18, 10, '', '553288.00', 'Trabajador', NULL, 'Activo\r', '2017-10-12 19:12:45', NULL),
(78, 'Diana Patricia Correa Ceballos', '', '', 'Cedula de Ciudadania', '1053782588', '', '', 18, 10, '', '553288.00', 'Trabajador', NULL, 'Activo\r', '2017-10-12 19:12:45', NULL),
(79, 'Juan David Orozco Quintero', '', '', 'Cedula de Ciudadania', '1022439598', '', '', 18, 10, '', '553288.00', 'Trabajador', NULL, 'Activo\r', '2017-10-12 19:12:45', NULL),
(80, 'Jaqueline Lozano Lozano', '', '', 'Cedula de Ciudadania', '1006117619', '', '', 18, 10, '', '553288.00', 'Trabajador', NULL, 'Activo\r', '2017-10-12 19:12:45', NULL),
(81, 'Daniela Alejandra Ortiz Pineda', '', '', 'Cedula de Ciudadania', '1053852408', '', '', 18, 10, '', '553288.00', 'Trabajador', NULL, 'Activo\r', '2017-10-12 19:12:45', NULL),
(82, 'Geraldine Guerrero Diaz', '', '', 'Cedula de Ciudadania', '1059707234', '', '', 18, 10, '', '553288.00', 'Trabajador', NULL, 'Activo\r', '2017-10-12 19:12:45', NULL),
(83, 'Manuela Taborda Hincapie', '', '', 'Cedula de Ciudadania', '1053865914', '', '', 18, 10, '', '553288.00', 'Trabajador', NULL, 'Activo\r', '2017-10-12 19:12:45', NULL),
(84, 'Daylen Gaviria Robayo', '', '', 'Cedula de Ciudadania', '1104708556', '', '', 18, 10, '', '553288.00', 'Trabajador', NULL, 'Activo\r', '2017-10-12 19:12:45', NULL),
(85, 'Daniela Yurley Osorio Garzon', '', '', 'Cedula de Ciudadania', '1110558601', '', '', 18, 10, '', '553288.00', 'Trabajador', NULL, 'Activo\r', '2017-10-12 19:12:45', NULL),
(86, 'Leidy Dayana Guzman Aguirre', '', '', 'Cedula de Ciudadania', '1053868543', '', '', 18, 10, '', '553288.00', 'Trabajador', NULL, 'Activo\r', '2017-10-12 19:12:45', NULL),
(87, 'Juan David Patino Posada', '', '', 'Cedula de Ciudadania', '1053860704', '', '', 18, 10, '', '553288.00', 'Trabajador', NULL, 'Activo\r', '2017-10-12 19:12:45', NULL),
(88, 'Vanesa Ardila Bustos', '', '', 'Cedula de Ciudadania', '1053830914', '', '', 18, 10, '', '913294.00', 'Trabajador', NULL, 'Activo\r', '2017-10-12 19:12:45', NULL),
(89, 'German Esteban Orozco Varela', '', '', 'Cedula de Ciudadania', '1053795058', '', '', 18, 10, '', '737717.00', 'Trabajador', NULL, 'Activo\r', '2017-10-12 19:12:45', NULL),
(90, 'Daniel Salazar Arboleda', '', '', 'Cedula de Ciudadania', '1053858409', '', '', 18, 10, '', '619129.00', 'Trabajador', NULL, 'Activo\r', '2017-10-12 19:12:45', NULL),
(91, 'Andrés Felipe Bedoya Castro', '', '', 'Cedula de Ciudadania', '1053795928', '', '', 19, 11, '', '913294.00', 'Trabajador', NULL, 'Activo\r', '2017-10-12 19:12:45', NULL),
(92, 'Daniela Moreno Moreno ', '', '', 'Cedula de Ciudadania', '1053808667', '', '', 19, 11, '', '619129.00', 'Trabajador', NULL, 'Activo\r', '2017-10-12 19:12:45', NULL),
(93, 'Yessica Betancur Munera', '', '', 'Cedula de Ciudadania', '1053819788', '', '', 19, 11, '', '684971.00', 'Trabajador', NULL, 'Activo\r', '2017-10-12 19:12:45', NULL),
(94, 'Paula Andrea Gómez Escobar', '', '', 'Cedula de Ciudadania', '1053848223', '', '', 19, 11, '', '553288.00', 'Trabajador', NULL, 'Activo\r', '2017-10-12 19:12:45', NULL),
(95, 'Alejandra Vega Salazar', '', '', 'Cedula de Ciudadania', '1053839103', '', '', 19, 11, '', '570809.00', 'Trabajador', NULL, 'Activo\r', '2017-10-12 19:12:45', NULL),
(96, 'María Alejandra Botonero Tano', '', '', 'Cedula de Ciudadania', '1053832413', '', '', 19, 11, '', '825506.00', 'Trabajador', NULL, 'Activo\r', '2017-10-12 19:12:45', NULL),
(97, 'Naidu Mileth Florez Caicedo', '', '', 'Cedula de Ciudadania', '1054557641', '', '', 19, 11, '', '825506.00', 'Trabajador', NULL, 'Activo\r', '2017-10-12 19:12:45', NULL),
(98, 'Luz Adriana Garcia Moreno', '', '', 'Cedula de Ciudadania', '30237290', '', '', 19, 11, '', '737717.00', 'Trabajador', NULL, 'Activo\r', '2017-10-12 19:12:45', NULL),
(99, 'Astrid Milena Fernandez Duque', '', '', 'Cedula de Ciudadania', '1088252190', '', '', 19, 11, '', '737717.00', 'Trabajador', NULL, 'Activo\r', '2017-10-12 19:12:45', NULL),
(100, 'Yury Tatiana Ramírez Valencia', '', '', 'Cedula de Ciudadania', '1053828607', '', '', 19, 11, '', '737717.00', 'Trabajador', NULL, 'Activo\r', '2017-10-12 19:12:45', NULL),
(101, 'Claudia Alejandra Cardona Ceballos', '', '', 'Cedula de Ciudadania', '1060267829', '', '', 19, 11, '', '737717.00', 'Trabajador', NULL, 'Activo\r', '2017-10-12 19:12:45', NULL),
(102, 'Dilia Rodriguez Castellanos', '', '', 'Cedula de Ciudadania', '25112681', '', '', 19, 11, '', '737717.00', 'Trabajador', NULL, 'Activo\r', '2017-10-12 19:12:45', NULL),
(103, 'Juan Andres Henao Toro', '', '', 'Cedula de Ciudadania', '1002546963', '', '', 19, 11, '', '737717.00', 'Trabajador', '$2a$12$.MZjgaXNNKW9QBpJeh0rIudt9FkBiPpYuxHOuXJldDLBXS7D1Mwl.', 'Activo\r', '2017-10-12 19:12:45', NULL),
(104, 'Luis Miguel Herrera Castrillón', '', '', 'Cedula de Ciudadania', '1128627607', '', '', 19, 11, '', '553288.00', 'Trabajador', NULL, 'Activo\r', '2017-10-12 19:12:45', NULL),
(105, 'John Edwar Velez Saavedra', '', '', 'Cedula de Ciudadania', '1053851538', '', '', 19, 11, '', '737717.00', 'Trabajador', NULL, 'Activo\r', '2017-10-12 19:12:45', NULL),
(106, 'Leidy Tatiana Toro Loaiza', '', '', 'Cedula de Ciudadania', '1053829121', '', '', 19, 11, '', '737717.00', 'Trabajador', NULL, 'Activo\r', '2017-10-12 19:12:45', NULL),
(107, 'Paola Andrea Echavarría David', '', '', 'Cedula de Ciudadania', '1060594183', '', '', 19, 11, '', '737717.00', 'Trabajador', NULL, 'Activo\r', '2017-10-12 19:12:45', NULL),
(108, 'Duván Andrés Bedoya Zapata', '', '', 'Cedula de Ciudadania', '1053848189', '', '', 19, 11, '', '913294.00', 'Trabajador', NULL, 'Activo\r', '2017-10-12 19:12:45', NULL),
(109, 'Diana Isabel Rodriguez Ortiz', '', '', 'Cedula de Ciudadania', '52931319', '', '', 19, 11, '', '737717.00', 'Trabajador', NULL, 'Activo\r', '2017-10-12 19:12:45', NULL),
(110, 'Leydi Tatiana Escobar Velasquez', '', '', 'Cedula de Ciudadania', '1053826523', '', '', 19, 11, '', '913294.00', 'Trabajador', NULL, 'Activo\r', '2017-10-12 19:12:45', NULL),
(111, 'Sandra Milena Franco Castañeda', '', '', 'Cedula de Ciudadania', '30392067', '', '', 19, 11, '', '737717.00', 'Trabajador', NULL, 'Activo\r', '2017-10-12 19:12:45', NULL),
(112, 'Luis Fernando Torres Ramirez', '', '', 'Cedula de Ciudadania', '1053858867', '', '', 19, 11, '', '737717.00', 'Trabajador', NULL, 'Activo\r', '2017-10-12 19:12:45', NULL),
(113, 'Erica Tatiana Garcia Perez', '', '', 'Cedula de Ciudadania', '1053802576', '', '', 19, 11, '', '913294.00', 'Trabajador', NULL, 'Activo\r', '2017-10-12 19:12:45', NULL),
(114, 'Paula Alejandra Quintero Arias ', '', '', 'Cedula de Ciudadania', '24334487', '', '', 19, 11, '', '913294.00', 'Trabajador', NULL, 'Activo\r', '2017-10-12 19:12:45', NULL),
(115, 'Maryuri Bueno Gutierrez', '', '', 'Cedula de Ciudadania', '1053834915', '', '', 19, 11, '', '913294.00', 'Trabajador', NULL, 'Activo\r', '2017-10-12 19:12:45', NULL),
(116, 'Cristian David Fraile Ortegón', '', '', 'Cedula de Ciudadania', '1053812851', '', '', 19, 11, '', '913294.00', 'Trabajador', NULL, 'Activo\r', '2017-10-12 19:12:45', NULL),
(117, 'Martha Milena Gómez Velásquez', '', '', 'Cedula de Ciudadania', '34000666', '', '', 19, 11, '', '913294.00', 'Trabajador', NULL, 'Activo\r', '2017-10-12 19:12:45', NULL),
(118, 'Elizabeth Tabares Lopez', '', '', 'Cedula de Ciudadania', '1053833566', '', '', 19, 11, '', '825506.00', 'Trabajador', NULL, 'Activo\r', '2017-10-12 19:12:45', NULL),
(119, 'Carolina Hernández Gomez', '', '', 'Cedula de Ciudadania', '24335648', '', '', 19, 11, '', '913294.00', 'Trabajador', NULL, 'Activo\r', '2017-10-12 19:12:45', NULL),
(120, 'Maria Alejandra Grajales Villegas', '', '', 'Cedula de Ciudadania', '1053839593', '', '', 19, 11, '', '553288.00', 'Trabajador', NULL, 'Activo\r', '2017-10-12 19:12:45', NULL),
(121, 'Fabio Nelson Gomez Caicedo', '', '', 'Cedula de Ciudadania', '1005996164', '', '', 19, 11, '', '737717.00', 'Trabajador', NULL, 'Activo\r', '2017-10-12 19:12:45', NULL),
(122, 'Maria Nilsa Osorio Arboleda', '', '', 'Cedula de Ciudadania', '24338216', '', '', 19, 11, '', '825506.00', 'Trabajador', NULL, 'Activo\r', '2017-10-12 19:12:45', NULL),
(123, 'Carolina Ospina Perez', '', '', 'Cedula de Ciudadania', '1053792369', '', '', 19, 11, '', '913294.00', 'Trabajador', NULL, 'Activo\r', '2017-10-12 19:12:45', NULL),
(124, 'Luis Miguel Torres Cardona', '', '', 'Cedula de Ciudadania', '1053841695', '', '', 19, 11, '', '553288.00', 'Trabajador', NULL, 'Activo\r', '2017-10-12 19:12:45', NULL),
(125, 'Sandy Daniela Ramirez Ceija', '', '', 'Cedula de Ciudadania', '1118775894', '', '', 19, 11, '', '553288.00', 'Trabajador', NULL, 'Activo\r', '2017-10-12 19:12:45', NULL),
(126, 'Ana Milena Muñoz Aguirre', '', '', 'Cedula de Ciudadania', '1053850111', '', '', 19, 11, '', '684971.00', 'Trabajador', NULL, 'Activo\r', '2017-10-12 19:12:45', NULL),
(127, 'Blanca Nubia Tapasco', '', '', 'Cedula de Ciudadania', '1053789561', '', '', 19, 11, '', '913294.00', 'Trabajador', NULL, 'Activo\r', '2017-10-12 19:12:45', NULL),
(128, 'Olga Lucia Salazar Gomez', '', '', 'Cedula de Ciudadania', '30339435', '', '', 19, 11, '', '737717.00', 'Trabajador', NULL, 'Activo\r', '2017-10-12 19:12:45', NULL),
(129, 'Maria Camila Sánchez Rios', '', '', 'Cedula de Ciudadania', '1053858677', '', '', 19, 11, '', '737717.00', 'Trabajador', NULL, 'Activo\r', '2017-10-12 19:12:45', NULL),
(130, 'Karen Escobar Martínez', '', '', 'Cedula de Ciudadania', '1053853426', '', '', 19, 11, '', '737717.00', 'Trabajador', NULL, 'Activo\r', '2017-10-12 19:12:45', NULL),
(131, 'Edwin Farid Rojas', '', '', 'Cedula de Ciudadania', '1082156055', '', '', 19, 11, '', '737717.00', 'Trabajador', NULL, 'Activo\r', '2017-10-12 19:12:45', NULL),
(132, 'Jhonatan López Giraldo', '', '', 'Cedula de Ciudadania', '1060651651', '', '', 19, 11, '', '737717.00', 'Trabajador', NULL, 'Activo\r', '2017-10-12 19:12:45', NULL),
(133, 'Santiago Giraldo Marín', '', '', 'Cedula de Ciudadania', '1053809992', '', '', 19, 11, '', '737717.00', 'Trabajador', NULL, 'Activo\r', '2017-10-12 19:12:45', NULL),
(134, 'Vanessa Andrea Gutiérrez Gutiérrez', '', '', 'Cedula de Ciudadania', '1053787686', '', '', 19, 11, '', '461073.00', 'Trabajador', NULL, 'Activo\r', '2017-10-12 19:12:45', NULL),
(135, 'Jeisson David Guarín Aristizabal', '', '', 'Cedula de Ciudadania', '1053857669', '', '', 19, 11, '', '737717.00', 'Trabajador', NULL, 'Activo\r', '2017-10-12 19:12:45', NULL),
(136, 'Reina Jaramillo Ortiz', '', '', 'Cedula de Ciudadania', '30321010', '', '', 19, 11, '', '737717.00', 'Trabajador', NULL, 'Activo\r', '2017-10-12 19:12:45', NULL),
(137, 'Tatiana Escobar Escobar Medina', '', '', 'Cedula de Ciudadania', '1053821118', '', '', 19, 11, '', '553288.00', 'Trabajador', NULL, 'Activo\r', '2017-10-12 19:12:45', NULL),
(138, 'Olga Lucia Agudelo Rodas', '', '', 'Cedula de Ciudadania', '30239149', '', '', 19, 11, '', '825506.00', 'Trabajador', NULL, 'Activo\r', '2017-10-12 19:12:45', NULL),
(139, 'Luz Elena Serna Figueroa', '', '', 'Cedula de Ciudadania', '30303968', '', '', 19, 11, '', '737717.00', 'Trabajador', NULL, 'Activo\r', '2017-10-12 19:12:45', NULL),
(140, 'Johanna Alexandra Galvis Ruiz', '', '', 'Cedula de Ciudadania', '1053785276', '', '', 19, 11, '', '913294.00', 'Trabajador', NULL, 'Activo\r', '2017-10-12 19:12:45', NULL),
(141, 'Johana Marcela Pineda Paneso', '', '', 'Cedula de Ciudadania', '24341703', '', '', 19, 11, '', '737717.00', 'Trabajador', NULL, 'Activo\r', '2017-10-12 19:12:45', NULL),
(142, 'Jhon Edier Gallego Ruiz', '', '', 'Cedula de Ciudadania', '1002732589', '', '', 19, 11, '', '913294.00', 'Trabajador', NULL, 'Activo\r', '2017-10-12 19:12:45', NULL),
(143, 'Cristian David Cano Castillo', '', '', 'Cedula de Ciudadania', '1053852331', '', '', 19, 11, '', '737717.00', 'Trabajador', NULL, 'Activo\r', '2017-10-12 19:12:45', NULL),
(144, 'Sebastián García Bocanumen', '', '', 'Cedula de Ciudadania', '1088326799', '', '', 19, 11, '', '737717.00', 'Trabajador', NULL, 'Activo\r', '2017-10-12 19:12:45', NULL),
(145, 'Juliana Andrea Velosa Velosa', '', '', 'Cedula de Ciudadania', '1111203965', '', '', 19, 11, '', '737717.00', 'Trabajador', NULL, 'Activo\r', '2017-10-12 19:12:45', NULL),
(146, 'Paula Andrea Jaramillo Flórez', '', '', 'Cedula de Ciudadania', '32244261', '', '', 19, 11, '', '737717.00', 'Trabajador', NULL, 'Activo\r', '2017-10-12 19:12:45', NULL),
(147, 'Jhon Edwuard Cuartas Gómez', '', '', 'Cedula de Ciudadania', '1053791009', '', '', 19, 11, '', '737717.00', 'Trabajador', NULL, 'Activo\r', '2017-10-12 19:12:45', NULL),
(148, 'Juan camilo Giraldo Betancur', '', '', 'Cedula de Ciudadania', '1053820942', '', '', 19, 11, '', '553288.00', 'Trabajador', NULL, 'Activo\r', '2017-10-12 19:12:45', NULL),
(149, 'Martha Lucia Patiño Patiño', '', '', 'Cedula de Ciudadania', '24626731', '', '', 19, 11, '', '913294.00', 'Trabajador', NULL, 'Activo\r', '2017-10-12 19:12:45', NULL),
(150, 'Dahyana Montoya Cardona', '', '', 'Cedula de Ciudadania', '1053832162', '', '', 19, 11, '', '737717.00', 'Trabajador', NULL, 'Activo\r', '2017-10-12 19:12:45', NULL),
(151, 'Liceth Marcela Gañan Gañan', '', '', 'Cedula de Ciudadania', '1094914454', '', '', 19, 11, '', '737717.00', 'Trabajador', NULL, 'Activo\r', '2017-10-12 19:12:45', NULL),
(152, 'Luisa Stella Martínez Cardenas', '', '', 'Cedula de Ciudadania', '1118122799', '', '', 19, 11, '', '737717.00', 'Trabajador', NULL, 'Activo\r', '2017-10-12 19:12:45', NULL),
(153, 'Alexandra Albarán Espinosa ', '', '', 'Cedula de Ciudadania', '1060654406', '', '', 19, 11, '', '553288.00', 'Trabajador', NULL, 'Activo\r', '2017-10-12 19:12:45', NULL),
(154, 'Luceny Patricia Montoya Montoya', '', '', 'Cedula de Ciudadania', '1053849009', '', '', 19, 11, '', '737717.00', 'Trabajador', NULL, 'Activo\r', '2017-10-12 19:12:45', NULL),
(155, 'Paola Cifuentes Cifuentes', '', '', 'Cedula de Ciudadania', '1053835177', '', '', 19, 11, '', '737717.00', 'Trabajador', NULL, 'Activo\r', '2017-10-12 19:12:45', NULL),
(156, 'Anderson Moreno Rojas', '', '', 'Cedula de Ciudadania', '1120573342', '', '', 19, 11, '', '461073.00', 'Trabajador', NULL, 'Activo\r', '2017-10-12 19:12:45', NULL),
(157, 'Julieth Andrea Agredo Morales', '', '', 'Cedula de Ciudadania', '1053811027', '', '', 19, 11, '', '737717.00', 'Trabajador', NULL, 'Activo\r', '2017-10-12 19:12:45', NULL),
(158, 'Yuliana Diaz  Álzate', '', '', 'Cedula de Ciudadania', '1053867183', '', '', 19, 11, '', '461073.00', 'Trabajador', NULL, 'Activo\r', '2017-10-12 19:12:45', NULL),
(159, 'Luisa Fernanda Arango Jaramillo', '', '', 'Cedula de Ciudadania', '1053858965', '', '', 19, 11, '', '461073.00', 'Trabajador', NULL, 'Activo\r', '2017-10-12 19:12:45', NULL),
(160, 'Michael Anyelo Cardona Cardona', '', '', 'Cedula de Ciudadania', '1053768615', '', '', 19, 11, '', '737717.00', 'Trabajador', NULL, 'Activo\r', '2017-10-12 19:12:45', NULL),
(161, 'Andrea Bedoya Pardo', '', '', 'Cedula de Ciudadania', '1053856941', '', '', 19, 11, '', '737717.00', 'Trabajador', NULL, 'Activo\r', '2017-10-12 19:12:45', NULL),
(162, 'Juan Esteban Gonzalez Rios', '', '', 'Cedula de Ciudadania', '1057787974', '', '', 19, 11, '', '553288.00', 'Trabajador', NULL, 'Activo\r', '2017-10-12 19:12:45', NULL),
(163, 'Cristian Camilo Diaz Alzate', '', '', 'Cedula de Ciudadania', '1007217001', '', '', 19, 11, '', '737717.00', 'Trabajador', NULL, 'Activo\r', '2017-10-12 19:12:45', NULL),
(164, 'Marisol Rodriguez Morales', '', '', 'Cedula de Ciudadania', '1053850990', '', '', 19, 11, '', '553288.00', 'Trabajador', NULL, 'Activo\r', '2017-10-12 19:12:45', NULL),
(165, 'Hector Fabio Salgado Salazar', '', '', 'Cedula de Ciudadania', '1053770687', '', '', 19, 11, '', '553288.00', 'Trabajador', NULL, 'Activo\r', '2017-10-12 19:12:45', NULL),
(166, 'Leonardo Gallego Londoño', '', '', 'Cedula de Ciudadania', '1053829767', '', '', 19, 11, '', '553288.00', 'Trabajador', NULL, 'Activo\r', '2017-10-12 19:12:45', NULL),
(167, 'Julián Henao Henao', '', '', 'Cedula de Ciudadania', '1053818899', '', '', 19, 11, '', '553288.00', 'Trabajador', NULL, 'Activo\r', '2017-10-12 19:12:45', NULL),
(168, 'Daniel Felipe Ahumada Sanchez', '', '', 'Cedula de Ciudadania', '1053868095', '', '', 19, 11, '', '553288.00', 'Trabajador', NULL, 'Activo\r', '2017-10-12 19:12:45', NULL),
(169, 'Julián David Ramirez Ciro', '', '', 'Cedula de Ciudadania', '1053841659', '', '', 19, 11, '', '553288.00', 'Trabajador', NULL, 'Activo\r', '2017-10-12 19:12:45', NULL),
(170, 'Jhon Bayron Ramirez Patiño', '', '', 'Cedula de Ciudadania', '1053844028', '', '', 19, 11, '', '737717.00', 'Trabajador', NULL, 'Activo\r', '2017-10-12 19:12:45', NULL),
(171, 'Sebastián Álvarez Vargas', '', '', 'Cedula de Ciudadania', '1053799459', '', '', 19, 11, '', '737717.00', 'Trabajador', NULL, 'Activo\r', '2017-10-12 19:12:45', NULL),
(172, 'Laura Marcela Cardona Muñoz', '', '', 'Cedula de Ciudadania', '1053846099', '', '', 19, 11, '', '553288.00', 'Trabajador', NULL, 'Activo\r', '2017-10-12 19:12:45', NULL),
(173, 'Diana Valentina Cardona Nova', '', '', 'Cedula de Ciudadania', '1053852031', '', '', 19, 11, '', '553288.00', 'Trabajador', NULL, 'Activo\r', '2017-10-12 19:12:45', NULL),
(174, 'Maria Angelica Vega Araque', '', '', 'Cedula de Ciudadania', '32243209', '', '', 19, 11, '', '553288.00', 'Trabajador', NULL, 'Activo\r', '2017-10-12 19:12:45', NULL),
(175, 'Daniel Gonzales Castañeda', '', '', 'Cedula de Ciudadania', '1015415761', '', '', 19, 11, '', '553288.00', 'Trabajador', NULL, 'Activo\r', '2017-10-12 19:12:45', NULL),
(176, 'Yenny Lopez Arroyave', '', '', 'Cedula de Ciudadania', '1053792573', '', '', 19, 11, '', '553288.00', 'Trabajador', NULL, 'Activo\r', '2017-10-12 19:12:45', NULL),
(177, 'Thania Milena Meneses Benavides', '', '', 'Cedula de Ciudadania', '1026587732', '', '', 19, 11, '', '553288.00', 'Trabajador', NULL, 'Activo\r', '2017-10-12 19:12:45', NULL),
(178, 'Yenni Tatiana Ospina Garcia', '', '', 'Cedula de Ciudadania', '1007232581', '', '', 19, 11, '', '553288.00', 'Trabajador', NULL, 'Activo\r', '2017-10-12 19:12:45', NULL),
(179, 'Daniela Gonzalez Arias', '', '', 'Cedula de Ciudadania', '1053806767', '', '', 19, 11, '', '553288.00', 'Trabajador', NULL, 'Activo\r', '2017-10-12 19:12:45', NULL),
(180, 'Jhon Alexis Osorio Ramírez', '', '', 'Cedula de Ciudadania', '1053825785', '', '', 19, 11, '', '553288.00', 'Trabajador', NULL, 'Activo\r', '2017-10-12 19:12:45', NULL),
(181, 'Gloria Nancy Sánchez Ospina', '', '', 'Cedula de Ciudadania', '34000506', '', '', 19, 11, '', '553288.00', 'Trabajador', NULL, 'Activo\r', '2017-10-12 19:12:45', NULL),
(182, 'Claudia Lorena Castro Rodriguez', '', '', 'Cedula de Ciudadania', '1053787790', '', '', 19, 11, '', '553288.00', 'Trabajador', NULL, 'Activo\r', '2017-10-12 19:12:45', NULL),
(183, 'Luz Maria Castro Rodriguez', '', '', 'Cedula de Ciudadania', '24338807', '', '', 19, 11, '', '553288.00', 'Trabajador', NULL, 'Activo\r', '2017-10-12 19:12:45', NULL),
(184, 'July Alejandra Pineda Eusse', '', '', 'Cedula de Ciudadania', '1053796076', '', '', 19, 11, '', '619129.00', 'Trabajador', NULL, 'Activo\r', '2017-10-12 19:12:45', NULL),
(185, 'Luz Yaneth Gutiérrez Osorio', '', '', 'Cedula de Ciudadania', '52296313', '', '', 19, 11, '', '825506.00', 'Trabajador', NULL, 'Activo\r', '2017-10-12 19:12:45', NULL),
(186, 'Andrés Felipe Tabares Mejía', '', '', 'Cedula de Ciudadania', '1053786347', '', '', 19, 11, '', '825506.00', 'Trabajador', NULL, 'Activo\r', '2017-10-12 19:12:45', NULL),
(187, 'Nelson Enrique Medina Giraldo', '', '', 'Cedula de Ciudadania', '1053823164', '', '', 19, 11, '', '825506.00', 'Trabajador', NULL, 'Activo\r', '2017-10-12 19:12:45', NULL),
(188, 'Oscar Iván Delgado Jiménez', '', '', 'Cedula de Ciudadania', '1026255661', '', '', 19, 11, '', '913294.00', 'Trabajador', NULL, 'Activo\r', '2017-10-12 19:12:45', NULL),
(189, 'Sandra Marcela Morales Cifuentes', '', '', 'Cedula de Ciudadania', '1053799188', '', '', 19, 11, '', '913294.00', 'Trabajador', NULL, 'Activo\r', '2017-10-12 19:12:45', NULL),
(190, 'Juan Darío García Suarez', '', '', 'Cedula de Ciudadania', '1053823143', '', '', 19, 11, '', '737717.00', 'Trabajador', NULL, 'Activo\r', '2017-10-12 19:12:45', NULL),
(191, 'Cesar Augusto Cuervo Osorio', '', '', 'Cedula de Ciudadania', '1053798090', '', '', 19, 11, '', '737717.00', 'Trabajador', NULL, 'Activo\r', '2017-10-12 19:12:45', NULL),
(192, 'Carlos Fernando Castro Sánchez', '', '', 'Cedula de Ciudadania', '75100263', '', '', 19, 11, '', '737717.00', 'Trabajador', NULL, 'Activo\r', '2017-10-12 19:12:45', NULL),
(193, 'Daniela Gómez Grisales', '', '', 'Cedula de Ciudadania', '1010017269', '', '', 19, 11, '', '737717.00', 'Trabajador', NULL, 'Activo\r', '2017-10-12 19:12:45', NULL),
(194, 'Natalia Rojas Giraldo', '', '', 'Cedula de Ciudadania', '1060654016', '', '', 19, 11, '', '737717.00', 'Trabajador', NULL, 'Activo\r', '2017-10-12 19:12:45', NULL),
(195, 'Jorge Leonardo Cruz Soto', '', '', 'Cedula de Ciudadania', '1053811940', '', '', 19, 11, '', '737717.00', 'Trabajador', NULL, 'Activo\r', '2017-10-12 19:12:45', NULL),
(196, 'diana Patricia Adarmes Tapasco', '', '', 'Cedula de Ciudadania', '1053788210', '', '', 19, 11, '', '737717.00', 'Trabajador', NULL, 'Activo\r', '2017-10-12 19:12:45', NULL),
(197, 'Claudia Viviana Franco Quintero', '', '', 'Cedula de Ciudadania', '24337375', '', '', 19, 11, '', '737717.00', 'Trabajador', NULL, 'Activo\r', '2017-10-12 19:12:45', NULL),
(198, 'John Edward Aguirre Betancurt', '', '', 'Cedula de Ciudadania', '1060655232', '', '', 19, 11, '', '737717.00', 'Trabajador', NULL, 'Activo\r', '2017-10-12 19:12:45', NULL),
(199, 'Daniel Alejandro Becerra Castillo', '', '', 'Cedula de Ciudadania', '1053825382', '', '', 19, 11, '', '737717.00', 'Trabajador', NULL, 'Activo\r', '2017-10-12 19:12:45', NULL),
(200, 'Ana Carolina Martínez Sánchez', '', '', 'Cedula de Ciudadania', '1053814104', '', '', 19, 11, '', '737717.00', 'Trabajador', NULL, 'Activo\r', '2017-10-12 19:12:45', NULL),
(201, 'Luisa Fernanda Osorio Valencia', '', '', 'Cedula de Ciudadania', '1053826290', '', '', 19, 11, '', '737717.00', 'Trabajador', NULL, 'Activo\r', '2017-10-12 19:12:45', NULL),
(202, 'Diana Milena Gonzales Valencia', '', '', 'Cedula de Ciudadania', '1053776272', '', '', 19, 11, '', '737717.00', 'Trabajador', NULL, 'Activo\r', '2017-10-12 19:12:45', NULL),
(203, 'Andres Felipe Cardona Rodríguez', '', '', 'Cedula de Ciudadania', '1053824836', '', '', 19, 11, '', '737717.00', 'Trabajador', NULL, 'Activo\r', '2017-10-12 19:12:45', NULL),
(204, 'Yenny Lorena Vásquez Estrada', '', '', 'Cedula de Ciudadania', '1053852911', '', '', 19, 11, '', '553288.00', 'Trabajador', NULL, 'Activo\r', '2017-10-12 19:12:45', NULL),
(205, 'Duvan Alberto Monsalve Muñoz', '', '', 'Cedula de Ciudadania', '1053835017', '', '', 19, 11, '', '737717.00', 'Trabajador', NULL, 'Activo\r', '2017-10-12 19:12:45', NULL),
(206, 'Daniela  Arias  Granados', '', '', 'Cedula de Ciudadania', '1053836999', '', '', 19, 11, '', '553288.00', 'Trabajador', NULL, 'Activo\r', '2017-10-12 19:12:45', NULL),
(207, 'Yenny  Diaz  Rendon', '', '', 'Cedula de Ciudadania', '1053775062', '', '', 19, 11, '', '553288.00', 'Trabajador', NULL, 'Activo\r', '2017-10-12 19:12:45', NULL),
(208, 'Diana Marcela  Gallego Duque', '', '', 'Cedula de Ciudadania', '1053827565', '', '', 19, 11, '', '553288.00', 'Trabajador', NULL, 'Activo\r', '2017-10-12 19:12:45', NULL),
(209, 'Valentina  Velasquez Buitrago', '', '', 'Cedula de Ciudadania', '1053868335', '', '', 19, 11, '', '553288.00', 'Trabajador', NULL, 'Activo\r', '2017-10-12 19:12:45', NULL),
(210, 'Jennifer  Marin Quintero', '', '', 'Cedula de Ciudadania', '1053817411', '', '', 19, 11, '', '553288.00', 'Trabajador', NULL, 'Activo\r', '2017-10-12 19:12:45', NULL),
(211, 'Liliana Milet  Durango Solipas', '', '', 'Cedula de Ciudadania', '30687644', '', '', 19, 11, '', '553288.00', 'Trabajador', NULL, 'Activo\r', '2017-10-12 19:12:45', NULL),
(212, 'Deisy Geraldin  Henao Montoya', '', '', 'Cedula de Ciudadania', '1053835500', '', '', 19, 11, '', '553288.00', 'Trabajador', NULL, 'Activo\r', '2017-10-12 19:12:45', NULL),
(213, 'Luisa Fernanda  Romero Valencia', '', '', 'Cedula de Ciudadania', '1053864619', '', '', 19, 11, '', '553288.00', 'Trabajador', NULL, 'Activo\r', '2017-10-12 19:12:45', NULL),
(214, 'Luz Adriana  Cardona Clavijo', '', '', 'Cedula de Ciudadania', '30401802', '', '', 19, 11, '', '553288.00', 'Trabajador', NULL, 'Activo\r', '2017-10-12 19:12:45', NULL),
(215, 'luisa Fernanda  Franco Palacio', '', '', 'Cedula de Ciudadania', '30401395', '', '', 19, 11, '', '553288.00', 'Trabajador', NULL, 'Activo\r', '2017-10-12 19:12:45', NULL),
(216, 'Rhonal Jader  Meneses Portillo', '', '', 'Cedula de Ciudadania', '1123329624', '', '', 19, 11, '', '553288.00', 'Trabajador', NULL, 'Activo\r', '2017-10-12 19:12:45', NULL),
(217, 'Diana Carolina  Jimenez Martinez', '', '', 'Cedula de Ciudadania', '1053808249', '', '', 19, 11, '', '553288.00', 'Trabajador', NULL, 'Activo\r', '2017-10-12 19:12:45', NULL),
(218, 'Angi Dahiana  Florez Benitez', '', '', 'Cedula de Ciudadania', '1053829697', '', '', 19, 11, '', '553288.00', 'Trabajador', NULL, 'Activo\r', '2017-10-12 19:12:45', NULL),
(219, 'Marcela  Escruceria Molina', '', '', 'Cedula de Ciudadania', '1053817331', '', '', 19, 11, '', '553288.00', 'Trabajador', NULL, 'Activo\r', '2017-10-12 19:12:45', NULL),
(220, 'Ximena  Prieto  Escobar', '', '', 'Cedula de Ciudadania', '1053789431', '', '', 19, 11, '', '553288.00', 'Trabajador', NULL, 'Activo\r', '2017-10-12 19:12:45', NULL),
(221, 'Talia Yeraldin  Arevalo Zuluaga', '', '', 'Cedula de Ciudadania', '1053855200', '', '', 19, 11, '', '553288.00', 'Trabajador', NULL, 'Activo\r', '2017-10-12 19:12:45', NULL),
(222, 'Adriana María Ocampo Casafus', '', '', 'Cedula de Ciudadania', '30308684', '', '', 21, 13, '', '913294.00', 'Trabajador', NULL, 'Activo\r', '2017-10-12 19:12:45', NULL),
(223, 'Ana María López Rivera', '', '', 'Cedula de Ciudadania', '1053838898', '', '', 21, 13, '', '825506.00', 'Trabajador', NULL, 'Activo\r', '2017-10-12 19:12:45', NULL),
(224, 'Ana Mildred Manfrey', '', '', 'Cedula de Ciudadania', '559993', '', '', 21, 13, '', '737717.00', 'Trabajador', NULL, 'Activo\r', '2017-10-12 19:12:45', NULL),
(225, 'Ariel Camilo Correa Gomez', '', '', 'Cedula de Ciudadania', '1053790777', '', '', 21, 13, '', '913294.00', 'Trabajador', NULL, 'Activo\r', '2017-10-12 19:12:45', NULL),
(226, 'Brayan Steven Tamayo Murillo', '', '', 'Cedula de Ciudadania', '1053816796', '', '', 21, 13, '', '461073.00', 'Trabajador', NULL, 'Activo\r', '2017-10-12 19:12:45', NULL),
(227, 'Caterine Castañeda Martinez', '', '', 'Cedula de Ciudadania', '1054997908', '', '', 21, 13, '', '825506.00', 'Trabajador', NULL, 'Activo\r', '2017-10-12 19:12:45', NULL),
(228, 'Diana Carolina Duque Ríos', '', '', 'Cedula de Ciudadania', '1053781559', '', '', 21, 13, '', '913294.00', 'Trabajador', NULL, 'Activo\r', '2017-10-12 19:12:45', NULL),
(229, 'Diego Fernando Ospina Cardona', '', '', 'Cedula de Ciudadania', '16045519', '', '', 21, 13, '', '913294.00', 'Trabajador', NULL, 'Activo\r', '2017-10-12 19:12:45', NULL),
(230, 'Edwin Gabriel Álvarez', '', '', 'Cedula de Ciudadania', '1053786102', '', '', 21, 13, '', '913294.00', 'Trabajador', NULL, 'Activo\r', '2017-10-12 19:12:45', NULL),
(231, 'Erika Julieth Alzate Marin', '', '', 'Cedula de Ciudadania', '1059813343', '', '', 21, 13, '', '825506.00', 'Trabajador', '$2a$12$NorLsUHpJT4AISurY2qXW.FNscG1ZBOiCRhTojjitnK7MKC2edS2e', 'Activo\r', '2017-10-12 19:12:45', NULL),
(232, 'Edna Maria Arias Molina', '', '', 'Cedula de Ciudadania', '25234675', '', '', 21, 13, '', '737717.00', 'Trabajador', NULL, 'Activo\r', '2017-10-12 19:12:45', NULL),
(233, 'Ingrid Tatiana Jiménez Álzate', '', '', 'Cedula de Ciudadania', '1053812325', '', '', 21, 13, '', '737717.00', 'Trabajador', NULL, 'Activo\r', '2017-10-12 19:12:45', NULL),
(234, 'John Andres Gaviria Escobar', '', '', 'Cedula de Ciudadania', '75101808', '', '', 21, 13, '', '913294.00', 'Trabajador', NULL, 'Activo\r', '2017-10-12 19:12:45', NULL),
(235, 'Jorge Eliecer Hurtado Molina', '', '', 'Cedula de Ciudadania', '1060269261', '', '', 21, 13, '', '825506.00', 'Trabajador', NULL, 'Activo\r', '2017-10-12 19:12:45', NULL),
(236, 'Juan Daniel Giraldo Pineda', '', '', 'Cedula de Ciudadania', '1053846082', '', '', 21, 13, '', '737717.00', 'Trabajador', NULL, 'Activo\r', '2017-10-12 19:12:45', NULL),
(237, 'Juan David Arbeláez  Rincon', '', '', 'Cedula de Ciudadania', '1055835185', '', '', 21, 13, '', '737717.00', 'Trabajador', NULL, 'Activo\r', '2017-10-12 19:12:45', NULL),
(238, 'Juan Gabriel Fernandez Valencia', '', '', 'Cedula de Ciudadania', '1053791067', '', '', 21, 13, '', '825506.00', 'Trabajador', NULL, 'Activo\r', '2017-10-12 19:12:45', NULL),
(239, 'Juli Paola Henao Villa', '', '', 'Cedula de Ciudadania', '1053776429', '', '', 21, 13, '', '737717.00', 'Trabajador', NULL, 'Activo\r', '2017-10-12 19:12:45', NULL),
(240, 'Juliana María García Narváez', '', '', 'Cedula de Ciudadania', '1060268064', '', '', 21, 13, '', '913294.00', 'Trabajador', NULL, 'Activo\r', '2017-10-12 19:12:45', NULL),
(241, 'Leydi Tatiana Granada Ramírez', '', '', 'Cedula de Ciudadania', '1000464096', '', '', 21, 13, '', '737717.00', 'Trabajador', '$2a$12$PDnsVyXwBKtYbOuYtYj0t.ktkA48kiZulERf92cAar3nSDYyqBhEG', 'Activo\r', '2017-10-12 19:12:45', NULL),
(242, 'Luisa Fernanda Ortiz Aguirre', '', '', 'Cedula de Ciudadania', '1053833493', '', '', 21, 13, '', '913294.00', 'Trabajador', NULL, 'Activo\r', '2017-10-12 19:12:45', NULL),
(243, 'María Alejandra Valencia Martínez', '', '', 'Cedula de Ciudadania', '1116261473', '', '', 21, 13, '', '825506.00', 'Trabajador', NULL, 'Activo\r', '2017-10-12 19:12:45', NULL),
(244, 'Maria Dorancy Aristizabal Quintero', '', '', 'Cedula de Ciudadania', '30402283', '', '', 21, 13, '', '913294.00', 'Trabajador', NULL, 'Activo\r', '2017-10-12 19:12:45', NULL),
(245, 'María Ximena Escobar Bueno', '', '', 'Cedula de Ciudadania', '1053792924', '', '', 21, 13, '', '913294.00', 'Trabajador', NULL, 'Activo\r', '2017-10-12 19:12:45', NULL),
(246, 'Monica Patricia  Florez Espinosa', '', '', 'Cedula de Ciudadania', '30335576', '', '', 21, 13, '', '913294.00', 'Trabajador', NULL, 'Activo\r', '2017-10-12 19:12:45', NULL),
(247, 'William Andres Largo Vergara', '', '', 'Cedula de Ciudadania', '1053860924', '', '', 21, 13, '', '825506.00', 'Trabajador', NULL, 'Activo\r', '2017-10-12 19:12:45', NULL),
(248, 'Yuly Vanessa Restrepo  Aguirre', '', '', 'Cedula de Ciudadania', '1053850523', '', '', 21, 13, '', '913294.00', 'Trabajador', NULL, 'Activo\r', '2017-10-12 19:12:45', NULL),
(249, 'Yuliana Valencia González', '', '', 'Cedula de Ciudadania', '1053770981', '', '', 21, 13, '', '461073.00', 'Trabajador', NULL, 'Activo\r', '2017-10-12 19:12:45', NULL),
(250, 'Deissy Dayana Pineda Isaza', '', '', 'Cedula de Ciudadania', '1060647384', '', '', 21, 13, '', '913294.00', 'Trabajador', NULL, 'Activo\r', '2017-10-12 19:12:45', NULL),
(251, 'Ana Maria Londoño Dávila', '', '', 'Cedula de Ciudadania', '1053781073', '', '', 21, 13, '', '737717.00', 'Trabajador', NULL, 'Activo\r', '2017-10-12 19:12:45', NULL),
(252, 'Diana Paola Bernal Manrique', '', '', 'Cedula de Ciudadania', '1053850678', '', '', 21, 13, '', '913294.00', 'Trabajador', NULL, 'Activo\r', '2017-10-12 19:12:45', NULL),
(253, 'Edwar Guillermo Villa Llanos', '', '', 'Cedula de Ciudadania', '93062533', '', '', 21, 13, '', '913294.00', 'Trabajador', NULL, 'Activo\r', '2017-10-12 19:12:45', NULL),
(254, 'Jorge Mario Bedoya Marín', ' ', ' ', 'Cedula de Ciudadania', '1053794106', '', '', 21, 13, 'alejandramamona', '913294.00', 'Trabajador', '$2a$12$unFqgJGo7ITPfAjzJgvv5u5ajJiV6XzIJ2wKnH7VPRkYbqiKOhVRe', 'Activo', '2017-10-12 19:12:45', NULL),
(255, 'José Uriel Giraldo Giraldo', '', '', 'Cedula de Ciudadania', '1055479083', '', '', 21, 13, '', '913294.00', 'Trabajador', '$2a$12$lmwjtzQic7.ye7M7Zww1ue9vol2J75QHl/c6EpDeTJes/7s1j88gK', 'Activo\r', '2017-10-12 19:12:45', NULL),
(256, 'Juan Pablo Salinas', '', '', 'Cedula de Ciudadania', '16074830', '', '', 21, 13, '', '913294.00', 'Trabajador', NULL, 'Activo\r', '2017-10-12 19:12:45', NULL),
(257, 'Judy Alejandra Ramírez Oquendo', '', '', 'Cedula de Ciudadania', '1053825311', '', '', 21, 13, '', '913294.00', 'Trabajador', NULL, 'Activo\r', '2017-10-12 19:12:45', NULL),
(258, 'Leidy Tatiana López Gómez', '', '', 'Cedula de Ciudadania', '1054557929', '', '', 21, 13, '', '913294.00', 'Trabajador', NULL, 'Activo\r', '2017-10-12 19:12:45', NULL),
(259, 'Liliana Patricia Hincapié', '', '', 'Cedula de Ciudadania', '24343386', '', '', 21, 13, '', '913294.00', 'Trabajador', '$2a$12$D5HnXflzkGqX9y9vDcEn0OvhVEmQaU48FY2SioPJp.0I9b/eW3n9y', 'Activo\r', '2017-10-12 19:12:45', NULL),
(260, 'Maria Sicery  Carmona Lopez ', '', '', 'Cedula de Ciudadania', '30291235', '', '', 21, 13, '', '913294.00', 'Trabajador', NULL, 'Activo\r', '2017-10-12 19:12:45', NULL),
(261, 'Mónica García Marín', '', '', 'Cedula de Ciudadania', '1053802201', '', '', 21, 13, '', '913294.00', 'Trabajador', NULL, 'Activo\r', '2017-10-12 19:12:45', NULL),
(262, 'Natalia López Molina', '', '', 'Cedula de Ciudadania', '30239467', '', '', 21, 13, '', '913294.00', 'Trabajador', NULL, 'Activo\r', '2017-10-12 19:12:45', NULL),
(263, 'Nidia Elsy Loaiza Patiño', '', '', 'Cedula de Ciudadania', '1055835502', '', '', 21, 13, '', '913294.00', 'Trabajador', NULL, 'Activo\r', '2017-10-12 19:12:45', NULL),
(264, 'Diana Carolina Mejía Cardozo', '', '', 'Cedula de Ciudadania', '30237632', '', '', 21, 13, '', '913294.00', 'Trabajador', NULL, 'Activo\r', '2017-10-12 19:12:45', NULL),
(265, 'Sandra Milena Gaviria Vasquez', '', '', 'Cedula de Ciudadania', '1055835133', '', '', 21, 13, '', '913294.00', 'Trabajador', NULL, 'Activo\r', '2017-10-12 19:12:45', NULL),
(266, 'María Carolina Montoya Pineda', '', '', 'Cedula de Ciudadania', '1060650745', '', '', 21, 13, '', '913294.00', 'Trabajador', NULL, 'Activo\r', '2017-10-12 19:12:45', NULL),
(267, 'Paula Cristina Cardona Granada', '', '', 'Cedula de Ciudadania', '1053770527', '', '', 21, 13, '', '913294.00', 'Trabajador', NULL, 'Activo\r', '2017-10-12 19:12:45', NULL),
(268, '1', '1', '1', 'Cedula de Ciudadania', '1', '1', '1', 20, 12, '', '1.00', 'Administrador', '$2a$12$Df.y8cQhxI7J4wXx6aM10e0jk8oISVsaCtNiqJmYBEJuuQ7EoN2oi', 'Activo', '2017-10-12 19:12:45', NULL),
(269, '21', '21', '21', 'Cedula de Ciudadania', '21', '21', '21', 27, 20, '', '21.00', 'Trabajador', NULL, 'Activo', '2017-10-12 19:12:45', NULL),
(272, 'Cristian', 'Londoño', 'Duque', 'Cedula de Ciudadania', '1053798441', 'cristianlondonod@gmail.com', '8856332', 23, 16, 'Ing.desarrollo', '4000000.00', 'Administrador', '$2a$12$7RLlSqTCulH6LyhHd3ga4O8vG4rYEMUFzMqibuGic90j33GTpsDE2', 'Activo', '2017-10-12 19:12:45', NULL),
(275, '1000', '1000', '1000', 'Cedula de Ciudadania', '1000', '1000', '1000', 33, 23, '1000', '1000.00', 'Trabajador', '$2a$12$JeDwfSiQEDdWB6AABM5ye.OJkt9H7zVjDQiBUUK9xLHiJIr8Rr4sa', 'Activo', '2017-10-12 19:12:45', NULL),
(276, '2', '2', '2', 'Cedula de Ciudadania', '2', '2', '2', 18, 10, '2', '1000000.00', 'Jefe de Area', '$2a$12$Dju/FkkAuzz.73xANJB0huOkC0yMSFMyOSJybzjKznckx/g1NrnM.', 'Activo', '2017-10-12 19:12:45', NULL),
(277, '3', '3', '3', 'Cedula de Ciudadania', '3', '3', '3', 21, 13, '3', '3.00', 'Jefe de Subarea', '$2a$12$5j1n6RCHfhwL7u7JjlL/Lu1eud8EQT5StmV2H68Qs1LFPctNd0Fzq', 'Activo', '2017-10-12 19:12:45', NULL),
(278, '4', '4', '4', 'Cedula de Ciudadania', '4', '4', '4', 18, 10, '4', '2000000.00', 'Trabajador', '$2a$12$CnjShUcVmOBKL0pBum8KwOh73bQ/YI5MC9FPk.VbqDFlKrCAhQSmy', 'Activo', '2017-10-12 19:12:45', NULL);

-- --------------------------------------------------------

--
-- Table structure for table `resultados`
--

CREATE TABLE `resultados` (
  `idresultados` int(11) NOT NULL,
  `idkpi` int(11) NOT NULL,
  `idpersona` int(11) NOT NULL,
  `resultado_kpi` decimal(20,2) NOT NULL,
  `mes` varchar(45) NOT NULL,
  `year` int(4) NOT NULL,
  `timestamp` timestamp NOT NULL DEFAULT CURRENT_TIMESTAMP ON UPDATE CURRENT_TIMESTAMP,
  `idpersonaupdated` int(11) DEFAULT NULL
) ENGINE=InnoDB DEFAULT CHARSET=utf8;

--
-- Dumping data for table `resultados`
--

INSERT INTO `resultados` (`idresultados`, `idkpi`, `idpersona`, `resultado_kpi`, `mes`, `year`, `timestamp`, `idpersonaupdated`) VALUES
(1, 10, 222, '0.00', '01_Enero', 2017, '2017-10-12 19:06:42', NULL),
(2, 10, 223, '4.00', '01_Enero', 2017, '2017-10-12 19:06:42', NULL),
(3, 10, 224, '7.00', '01_Enero', 2017, '2017-10-12 19:06:42', NULL),
(4, 10, 225, '7.00', '01_Enero', 2017, '2017-10-12 19:06:42', NULL),
(5, 10, 226, '3.00', '01_Enero', 2017, '2017-10-12 19:06:42', NULL),
(6, 10, 227, '6.00', '01_Enero', 2017, '2017-10-12 19:06:42', NULL),
(7, 10, 228, '6.00', '01_Enero', 2017, '2017-10-12 19:06:42', NULL),
(8, 10, 229, '5.00', '01_Enero', 2017, '2017-10-12 19:06:42', NULL),
(9, 10, 230, '10.00', '01_Enero', 2017, '2017-10-12 19:06:42', NULL),
(10, 10, 231, '10.00', '01_Enero', 2017, '2017-10-12 19:06:42', NULL),
(11, 10, 232, '10.00', '01_Enero', 2017, '2017-10-12 19:06:42', NULL),
(12, 10, 233, '3.00', '01_Enero', 2017, '2017-10-12 19:06:42', NULL),
(13, 10, 234, '7.00', '01_Enero', 2017, '2017-10-12 19:06:42', NULL),
(14, 10, 235, '7.00', '01_Enero', 2017, '2017-10-12 19:06:42', NULL),
(15, 10, 236, '4.00', '01_Enero', 2017, '2017-10-12 19:06:42', NULL),
(16, 10, 237, '0.00', '01_Enero', 2017, '2017-10-12 19:06:42', NULL),
(17, 10, 238, '5.00', '01_Enero', 2017, '2017-10-12 19:06:42', NULL),
(18, 10, 239, '3.00', '01_Enero', 2017, '2017-10-12 19:06:42', NULL),
(19, 10, 240, '8.00', '01_Enero', 2017, '2017-10-12 19:06:42', NULL),
(20, 10, 241, '7.00', '01_Enero', 2017, '2017-10-12 19:06:42', NULL),
(21, 10, 242, '4.00', '01_Enero', 2017, '2017-10-12 19:06:42', NULL),
(22, 10, 243, '6.00', '01_Enero', 2017, '2017-10-12 19:06:42', NULL),
(23, 10, 244, '6.00', '01_Enero', 2017, '2017-10-12 19:06:42', NULL),
(24, 10, 245, '7.00', '01_Enero', 2017, '2017-10-12 19:06:42', NULL),
(25, 10, 246, '4.00', '01_Enero', 2017, '2017-10-12 19:06:42', NULL),
(26, 10, 247, '6.00', '01_Enero', 2017, '2017-10-12 19:06:42', NULL),
(27, 10, 248, '4.00', '01_Enero', 2017, '2017-10-12 19:06:42', NULL),
(28, 10, 249, '8.00', '01_Enero', 2017, '2017-10-12 19:06:42', NULL),
(29, 10, 250, '10.00', '01_Enero', 2017, '2017-10-12 19:06:42', NULL),
(30, 10, 251, '10.00', '01_Enero', 2017, '2017-10-12 19:06:42', NULL),
(31, 10, 252, '3.00', '01_Enero', 2017, '2017-10-12 19:06:42', NULL),
(32, 10, 253, '5.00', '01_Enero', 2017, '2017-10-12 19:06:42', NULL),
(33, 10, 254, '4.00', '01_Enero', 2017, '2017-10-12 19:06:42', NULL),
(34, 10, 255, '5.00', '01_Enero', 2017, '2017-10-12 19:06:42', NULL),
(35, 10, 256, '2.00', '01_Enero', 2017, '2017-10-12 19:06:42', NULL),
(36, 10, 257, '10.00', '01_Enero', 2017, '2017-10-12 19:06:42', NULL),
(37, 10, 258, '6.00', '01_Enero', 2017, '2017-10-12 19:06:42', NULL),
(38, 10, 259, '4.00', '01_Enero', 2017, '2017-10-12 19:06:42', NULL),
(39, 10, 260, '10.00', '01_Enero', 2017, '2017-10-12 19:06:42', NULL),
(40, 10, 261, '3.00', '01_Enero', 2017, '2017-10-12 19:06:42', NULL),
(41, 10, 262, '9.00', '01_Enero', 2017, '2017-10-12 19:06:42', NULL),
(42, 10, 263, '1.00', '01_Enero', 2017, '2017-10-12 19:06:42', NULL),
(43, 10, 264, '10.00', '01_Enero', 2017, '2017-10-12 19:06:42', NULL),
(44, 10, 265, '8.00', '01_Enero', 2017, '2017-10-12 19:06:42', NULL),
(45, 10, 266, '10.00', '01_Enero', 2017, '2017-10-12 19:06:42', NULL),
(46, 10, 267, '10.00', '01_Enero', 2017, '2017-10-12 19:06:42', NULL),
(47, 11, 222, '0.96', '01_Enero', 2017, '2017-10-12 19:06:42', NULL),
(48, 11, 223, '0.81', '01_Enero', 2017, '2017-10-12 19:06:42', NULL),
(49, 11, 224, '0.91', '01_Enero', 2017, '2017-10-12 19:06:42', NULL),
(50, 11, 225, '0.84', '01_Enero', 2017, '2017-10-12 19:06:42', NULL),
(51, 11, 226, '0.76', '01_Enero', 2017, '2017-10-12 19:06:42', NULL),
(52, 11, 227, '0.91', '01_Enero', 2017, '2017-10-12 19:06:42', NULL),
(53, 11, 228, '0.63', '01_Enero', 2017, '2017-10-12 19:06:42', NULL),
(54, 11, 229, '0.88', '01_Enero', 2017, '2017-10-12 19:06:42', NULL),
(55, 11, 230, '0.66', '01_Enero', 2017, '2017-10-12 19:06:42', NULL),
(56, 11, 231, '0.83', '01_Enero', 2017, '2017-10-12 19:06:42', NULL),
(57, 11, 232, '0.79', '01_Enero', 2017, '2017-10-12 19:06:42', NULL),
(58, 11, 233, '0.91', '01_Enero', 2017, '2017-10-12 19:06:42', NULL),
(59, 11, 234, '0.69', '01_Enero', 2017, '2017-10-12 19:06:42', NULL),
(60, 11, 235, '0.70', '01_Enero', 2017, '2017-10-12 19:06:42', NULL),
(61, 11, 236, '0.67', '01_Enero', 2017, '2017-10-12 19:06:42', NULL),
(62, 11, 237, '0.80', '01_Enero', 2017, '2017-10-12 19:06:42', NULL),
(63, 11, 238, '0.97', '01_Enero', 2017, '2017-10-12 19:06:42', NULL),
(64, 11, 239, '0.96', '01_Enero', 2017, '2017-10-12 19:06:42', NULL),
(65, 11, 240, '0.81', '01_Enero', 2017, '2017-10-12 19:06:42', NULL),
(66, 11, 241, '0.65', '01_Enero', 2017, '2017-10-12 19:06:42', NULL),
(67, 11, 242, '0.67', '01_Enero', 2017, '2017-10-12 19:06:42', NULL),
(68, 11, 243, '0.83', '01_Enero', 2017, '2017-10-12 19:06:42', NULL),
(69, 11, 244, '0.70', '01_Enero', 2017, '2017-10-12 19:06:42', NULL),
(70, 11, 245, '0.62', '01_Enero', 2017, '2017-10-12 19:06:42', NULL),
(71, 11, 246, '0.89', '01_Enero', 2017, '2017-10-12 19:06:42', NULL),
(72, 11, 247, '0.75', '01_Enero', 2017, '2017-10-12 19:06:42', NULL),
(73, 11, 248, '0.85', '01_Enero', 2017, '2017-10-12 19:06:42', NULL),
(74, 11, 249, '0.76', '01_Enero', 2017, '2017-10-12 19:06:42', NULL),
(75, 11, 250, '0.77', '01_Enero', 2017, '2017-10-12 19:06:42', NULL),
(76, 11, 251, '0.86', '01_Enero', 2017, '2017-10-12 19:06:42', NULL),
(77, 11, 252, '0.75', '01_Enero', 2017, '2017-10-12 19:06:42', NULL),
(78, 11, 253, '0.92', '01_Enero', 2017, '2017-10-12 19:06:42', NULL),
(79, 11, 254, '0.65', '01_Enero', 2017, '2017-10-12 19:06:42', NULL),
(80, 11, 255, '0.84', '01_Enero', 2017, '2017-10-12 19:06:42', NULL),
(81, 11, 256, '0.70', '01_Enero', 2017, '2017-10-12 19:06:42', NULL),
(82, 11, 257, '0.93', '01_Enero', 2017, '2017-10-12 19:06:42', NULL),
(83, 11, 258, '0.85', '01_Enero', 2017, '2017-10-12 19:06:42', NULL),
(84, 11, 259, '1.00', '01_Enero', 2017, '2017-10-12 19:06:42', NULL),
(85, 11, 260, '0.69', '01_Enero', 2017, '2017-10-12 19:06:42', NULL),
(86, 11, 261, '0.75', '01_Enero', 2017, '2017-10-12 19:06:42', NULL),
(87, 11, 262, '0.81', '01_Enero', 2017, '2017-10-12 19:06:42', NULL),
(88, 11, 263, '0.63', '01_Enero', 2017, '2017-10-12 19:06:42', NULL),
(89, 11, 264, '0.80', '01_Enero', 2017, '2017-10-12 19:06:42', NULL),
(90, 11, 265, '0.66', '01_Enero', 2017, '2017-10-12 19:06:42', NULL),
(91, 11, 266, '0.96', '01_Enero', 2017, '2017-10-12 19:06:42', NULL),
(92, 11, 267, '0.79', '01_Enero', 2017, '2017-10-12 19:06:42', NULL),
(93, 12, 222, '0.90', '01_Enero', 2017, '2017-10-12 19:06:42', NULL),
(94, 12, 223, '0.88', '01_Enero', 2017, '2017-10-12 19:06:42', NULL),
(95, 12, 224, '1.00', '01_Enero', 2017, '2017-10-12 19:06:42', NULL),
(96, 12, 225, '0.92', '01_Enero', 2017, '2017-10-12 19:06:42', NULL),
(97, 12, 226, '1.00', '01_Enero', 2017, '2017-10-12 19:06:42', NULL),
(98, 12, 227, '0.94', '01_Enero', 2017, '2017-10-12 19:06:42', NULL),
(99, 12, 228, '0.85', '01_Enero', 2017, '2017-10-12 19:06:42', NULL),
(100, 12, 229, '0.86', '01_Enero', 2017, '2017-10-12 19:06:42', NULL),
(101, 12, 230, '0.90', '01_Enero', 2017, '2017-10-12 19:06:42', NULL),
(102, 12, 231, '0.95', '01_Enero', 2017, '2017-10-12 19:06:42', NULL),
(103, 12, 232, '0.92', '01_Enero', 2017, '2017-10-12 19:06:42', NULL),
(104, 12, 233, '0.85', '01_Enero', 2017, '2017-10-12 19:06:42', NULL),
(105, 12, 234, '0.92', '01_Enero', 2017, '2017-10-12 19:06:42', NULL),
(106, 12, 235, '0.91', '01_Enero', 2017, '2017-10-12 19:06:42', NULL),
(107, 12, 236, '0.94', '01_Enero', 2017, '2017-10-12 19:06:42', NULL),
(108, 12, 237, '0.95', '01_Enero', 2017, '2017-10-12 19:06:42', NULL),
(109, 12, 238, '0.93', '01_Enero', 2017, '2017-10-12 19:06:42', NULL),
(110, 12, 239, '0.92', '01_Enero', 2017, '2017-10-12 19:06:42', NULL),
(111, 12, 240, '0.90', '01_Enero', 2017, '2017-10-12 19:06:42', NULL),
(112, 12, 241, '0.95', '01_Enero', 2017, '2017-10-12 19:06:42', NULL),
(113, 12, 242, '0.85', '01_Enero', 2017, '2017-10-12 19:06:42', NULL),
(114, 12, 243, '0.93', '01_Enero', 2017, '2017-10-12 19:06:42', NULL),
(115, 12, 244, '0.93', '01_Enero', 2017, '2017-10-12 19:06:42', NULL),
(116, 12, 245, '0.89', '01_Enero', 2017, '2017-10-12 19:06:42', NULL),
(117, 12, 246, '0.98', '01_Enero', 2017, '2017-10-12 19:06:42', NULL),
(118, 12, 247, '1.00', '01_Enero', 2017, '2017-10-12 19:06:42', NULL),
(119, 12, 248, '0.98', '01_Enero', 2017, '2017-10-12 19:06:42', NULL),
(120, 12, 249, '0.92', '01_Enero', 2017, '2017-10-12 19:06:42', NULL),
(121, 12, 250, '0.89', '01_Enero', 2017, '2017-10-12 19:06:42', NULL),
(122, 12, 251, '0.96', '01_Enero', 2017, '2017-10-12 19:06:42', NULL),
(123, 12, 252, '0.96', '01_Enero', 2017, '2017-10-12 19:06:42', NULL),
(124, 12, 253, '0.94', '01_Enero', 2017, '2017-10-12 19:06:42', NULL),
(125, 12, 254, '0.98', '01_Enero', 2017, '2017-10-12 19:06:42', NULL),
(126, 12, 255, '0.98', '01_Enero', 2017, '2017-10-12 19:06:42', NULL),
(127, 12, 256, '0.86', '01_Enero', 2017, '2017-10-12 19:06:42', NULL),
(128, 12, 257, '0.98', '01_Enero', 2017, '2017-10-12 19:06:42', NULL),
(129, 12, 258, '0.92', '01_Enero', 2017, '2017-10-12 19:06:42', NULL),
(130, 12, 259, '0.85', '01_Enero', 2017, '2017-10-12 19:06:42', NULL),
(131, 12, 260, '0.98', '01_Enero', 2017, '2017-10-12 19:06:42', NULL),
(132, 12, 261, '0.98', '01_Enero', 2017, '2017-10-12 19:06:42', NULL),
(133, 12, 262, '0.89', '01_Enero', 2017, '2017-10-12 19:06:42', NULL),
(134, 12, 263, '0.90', '01_Enero', 2017, '2017-10-12 19:06:42', NULL),
(135, 12, 264, '0.89', '01_Enero', 2017, '2017-10-12 19:06:42', NULL),
(136, 12, 265, '0.98', '01_Enero', 2017, '2017-10-12 19:06:42', NULL),
(137, 12, 266, '0.94', '01_Enero', 2017, '2017-10-12 19:06:42', NULL),
(138, 12, 267, '0.92', '01_Enero', 2017, '2017-10-12 19:06:42', NULL),
(139, 10, 222, '8.00', '02_Febrero', 2017, '2017-10-12 19:06:42', NULL),
(140, 10, 223, '1.00', '02_Febrero', 2017, '2017-10-12 19:06:42', NULL),
(141, 10, 224, '6.00', '02_Febrero', 2017, '2017-10-12 19:06:42', NULL),
(142, 10, 225, '2.00', '02_Febrero', 2017, '2017-10-12 19:06:42', NULL),
(143, 10, 226, '7.00', '02_Febrero', 2017, '2017-10-12 19:06:42', NULL),
(144, 10, 227, '8.00', '02_Febrero', 2017, '2017-10-12 19:06:42', NULL),
(145, 10, 228, '7.00', '02_Febrero', 2017, '2017-10-12 19:06:42', NULL),
(146, 10, 229, '3.00', '02_Febrero', 2017, '2017-10-12 19:06:42', NULL),
(147, 10, 230, '2.00', '02_Febrero', 2017, '2017-10-12 19:06:42', NULL),
(148, 10, 231, '5.00', '02_Febrero', 2017, '2017-10-12 19:06:42', NULL),
(149, 10, 232, '2.00', '02_Febrero', 2017, '2017-10-12 19:06:42', NULL),
(150, 10, 233, '4.00', '02_Febrero', 2017, '2017-10-12 19:06:42', NULL),
(151, 10, 234, '2.00', '02_Febrero', 2017, '2017-10-12 19:06:42', NULL),
(152, 10, 235, '7.00', '02_Febrero', 2017, '2017-10-12 19:06:42', NULL),
(153, 10, 236, '1.00', '02_Febrero', 2017, '2017-10-12 19:06:42', NULL),
(154, 10, 237, '3.00', '02_Febrero', 2017, '2017-10-12 19:06:42', NULL),
(155, 10, 238, '7.00', '02_Febrero', 2017, '2017-10-12 19:06:42', NULL),
(156, 10, 239, '2.00', '02_Febrero', 2017, '2017-10-12 19:06:42', NULL),
(157, 10, 240, '4.00', '02_Febrero', 2017, '2017-10-12 19:06:42', NULL),
(158, 10, 241, '1.00', '02_Febrero', 2017, '2017-10-12 19:06:42', NULL),
(159, 10, 242, '4.00', '02_Febrero', 2017, '2017-10-12 19:06:42', NULL),
(160, 10, 243, '6.00', '02_Febrero', 2017, '2017-10-12 19:06:42', NULL),
(161, 10, 244, '4.00', '02_Febrero', 2017, '2017-10-12 19:06:42', NULL),
(162, 10, 245, '2.00', '02_Febrero', 2017, '2017-10-12 19:06:42', NULL),
(163, 10, 246, '6.00', '02_Febrero', 2017, '2017-10-12 19:06:42', NULL),
(164, 10, 247, '3.00', '02_Febrero', 2017, '2017-10-12 19:06:42', NULL),
(165, 10, 248, '8.00', '02_Febrero', 2017, '2017-10-12 19:06:42', NULL),
(166, 10, 249, '0.00', '02_Febrero', 2017, '2017-10-12 19:06:42', NULL),
(167, 10, 250, '7.00', '02_Febrero', 2017, '2017-10-12 19:06:42', NULL),
(168, 10, 251, '8.00', '02_Febrero', 2017, '2017-10-12 19:06:42', NULL),
(169, 10, 252, '5.00', '02_Febrero', 2017, '2017-10-12 19:06:42', NULL),
(170, 10, 253, '0.00', '02_Febrero', 2017, '2017-10-12 19:06:42', NULL),
(171, 10, 254, '6.00', '02_Febrero', 2017, '2017-10-12 19:06:42', NULL),
(172, 10, 255, '3.00', '02_Febrero', 2017, '2017-10-12 19:06:42', NULL),
(173, 10, 256, '3.00', '02_Febrero', 2017, '2017-10-12 19:06:42', NULL),
(174, 10, 257, '3.00', '02_Febrero', 2017, '2017-10-12 19:06:42', NULL),
(175, 10, 258, '3.00', '02_Febrero', 2017, '2017-10-12 19:06:42', NULL),
(176, 10, 259, '7.00', '02_Febrero', 2017, '2017-10-12 19:06:42', NULL),
(177, 10, 260, '8.00', '02_Febrero', 2017, '2017-10-12 19:06:42', NULL),
(178, 10, 261, '3.00', '02_Febrero', 2017, '2017-10-12 19:06:42', NULL),
(179, 10, 262, '8.00', '02_Febrero', 2017, '2017-10-12 19:06:42', NULL),
(180, 10, 263, '7.00', '02_Febrero', 2017, '2017-10-12 19:06:42', NULL),
(181, 10, 264, '5.00', '02_Febrero', 2017, '2017-10-12 19:06:42', NULL),
(182, 10, 265, '3.00', '02_Febrero', 2017, '2017-10-12 19:06:42', NULL),
(183, 10, 266, '4.00', '02_Febrero', 2017, '2017-10-12 19:06:42', NULL),
(184, 10, 267, '5.00', '02_Febrero', 2017, '2017-10-12 19:06:42', NULL),
(185, 11, 222, '0.98', '02_Febrero', 2017, '2017-10-12 19:06:42', NULL),
(186, 11, 223, '0.81', '02_Febrero', 2017, '2017-10-12 19:06:42', NULL),
(187, 11, 224, '0.83', '02_Febrero', 2017, '2017-10-12 19:06:42', NULL),
(188, 11, 225, '0.73', '02_Febrero', 2017, '2017-10-12 19:06:42', NULL),
(189, 11, 226, '0.94', '02_Febrero', 2017, '2017-10-12 19:06:42', NULL),
(190, 11, 227, '1.00', '02_Febrero', 2017, '2017-10-12 19:06:42', NULL),
(191, 11, 228, '0.73', '02_Febrero', 2017, '2017-10-12 19:06:42', NULL),
(192, 11, 229, '0.83', '02_Febrero', 2017, '2017-10-12 19:06:42', NULL),
(193, 11, 230, '0.90', '02_Febrero', 2017, '2017-10-12 19:06:42', NULL),
(194, 11, 231, '0.82', '02_Febrero', 2017, '2017-10-12 19:06:42', NULL),
(195, 11, 232, '0.98', '02_Febrero', 2017, '2017-10-12 19:06:42', NULL),
(196, 11, 233, '0.76', '02_Febrero', 2017, '2017-10-12 19:06:42', NULL),
(197, 11, 234, '0.77', '02_Febrero', 2017, '2017-10-12 19:06:42', NULL),
(198, 11, 235, '0.95', '02_Febrero', 2017, '2017-10-12 19:06:42', NULL),
(199, 11, 236, '0.81', '02_Febrero', 2017, '2017-10-12 19:06:42', NULL),
(200, 11, 237, '0.72', '02_Febrero', 2017, '2017-10-12 19:06:42', NULL),
(201, 11, 238, '0.97', '02_Febrero', 2017, '2017-10-12 19:06:42', NULL),
(202, 11, 239, '0.86', '02_Febrero', 2017, '2017-10-12 19:06:42', NULL),
(203, 11, 240, '0.84', '02_Febrero', 2017, '2017-10-12 19:06:42', NULL),
(204, 11, 241, '0.79', '02_Febrero', 2017, '2017-10-12 19:06:42', NULL),
(205, 11, 242, '0.85', '02_Febrero', 2017, '2017-10-12 19:06:42', NULL),
(206, 11, 243, '0.90', '02_Febrero', 2017, '2017-10-12 19:06:42', NULL),
(207, 11, 244, '0.78', '02_Febrero', 2017, '2017-10-12 19:06:42', NULL),
(208, 11, 245, '0.92', '02_Febrero', 2017, '2017-10-12 19:06:42', NULL),
(209, 11, 246, '0.70', '02_Febrero', 2017, '2017-10-12 19:06:42', NULL),
(210, 11, 247, '0.75', '02_Febrero', 2017, '2017-10-12 19:06:42', NULL),
(211, 11, 248, '0.73', '02_Febrero', 2017, '2017-10-12 19:06:42', NULL),
(212, 11, 249, '0.74', '02_Febrero', 2017, '2017-10-12 19:06:42', NULL),
(213, 11, 250, '0.71', '02_Febrero', 2017, '2017-10-12 19:06:42', NULL),
(214, 11, 251, '0.88', '02_Febrero', 2017, '2017-10-12 19:06:42', NULL),
(215, 11, 252, '0.70', '02_Febrero', 2017, '2017-10-12 19:06:42', NULL),
(216, 11, 253, '0.71', '02_Febrero', 2017, '2017-10-12 19:06:42', NULL),
(217, 11, 254, '1.00', '02_Febrero', 2017, '2017-10-12 19:06:42', NULL),
(218, 11, 255, '0.71', '02_Febrero', 2017, '2017-10-12 19:06:42', NULL),
(219, 11, 256, '1.00', '02_Febrero', 2017, '2017-10-12 19:06:42', NULL),
(220, 11, 257, '0.74', '02_Febrero', 2017, '2017-10-12 19:06:42', NULL),
(221, 11, 258, '0.99', '02_Febrero', 2017, '2017-10-12 19:06:42', NULL),
(222, 11, 259, '0.80', '02_Febrero', 2017, '2017-10-12 19:06:42', NULL),
(223, 11, 260, '0.87', '02_Febrero', 2017, '2017-10-12 19:06:42', NULL),
(224, 11, 261, '0.83', '02_Febrero', 2017, '2017-10-12 19:06:42', NULL),
(225, 11, 262, '0.91', '02_Febrero', 2017, '2017-10-12 19:06:42', NULL),
(226, 11, 263, '0.97', '02_Febrero', 2017, '2017-10-12 19:06:42', NULL),
(227, 11, 264, '0.89', '02_Febrero', 2017, '2017-10-12 19:06:42', NULL),
(228, 11, 265, '0.76', '02_Febrero', 2017, '2017-10-12 19:06:42', NULL),
(229, 11, 266, '1.00', '02_Febrero', 2017, '2017-10-12 19:06:42', NULL),
(230, 11, 267, '0.80', '02_Febrero', 2017, '2017-10-12 19:06:42', NULL),
(231, 12, 222, '1.00', '02_Febrero', 2017, '2017-10-12 19:06:42', NULL),
(232, 12, 223, '0.98', '02_Febrero', 2017, '2017-10-12 19:06:42', NULL),
(233, 12, 224, '0.92', '02_Febrero', 2017, '2017-10-12 19:06:42', NULL),
(234, 12, 225, '0.99', '02_Febrero', 2017, '2017-10-12 19:06:42', NULL),
(235, 12, 226, '0.91', '02_Febrero', 2017, '2017-10-12 19:06:42', NULL),
(236, 12, 227, '0.91', '02_Febrero', 2017, '2017-10-12 19:06:42', NULL),
(237, 12, 228, '0.90', '02_Febrero', 2017, '2017-10-12 19:06:42', NULL),
(238, 12, 229, '0.94', '02_Febrero', 2017, '2017-10-12 19:06:42', NULL),
(239, 12, 230, '0.96', '02_Febrero', 2017, '2017-10-12 19:06:42', NULL),
(240, 12, 231, '0.90', '02_Febrero', 2017, '2017-10-12 19:06:42', NULL),
(241, 12, 232, '0.95', '02_Febrero', 2017, '2017-10-12 19:06:42', NULL),
(242, 12, 233, '0.91', '02_Febrero', 2017, '2017-10-12 19:06:42', NULL),
(243, 12, 234, '0.98', '02_Febrero', 2017, '2017-10-12 19:06:42', NULL),
(244, 12, 235, '0.96', '02_Febrero', 2017, '2017-10-12 19:06:42', NULL),
(245, 12, 236, '0.94', '02_Febrero', 2017, '2017-10-12 19:06:42', NULL),
(246, 12, 237, '0.92', '02_Febrero', 2017, '2017-10-12 19:06:42', NULL),
(247, 12, 238, '0.90', '02_Febrero', 2017, '2017-10-12 19:06:42', NULL),
(248, 12, 239, '0.99', '02_Febrero', 2017, '2017-10-12 19:06:42', NULL),
(249, 12, 240, '0.96', '02_Febrero', 2017, '2017-10-12 19:06:42', NULL),
(250, 12, 241, '0.98', '02_Febrero', 2017, '2017-10-12 19:06:42', NULL),
(251, 12, 242, '0.95', '02_Febrero', 2017, '2017-10-12 19:06:42', NULL),
(252, 12, 243, '0.90', '02_Febrero', 2017, '2017-10-12 19:06:42', NULL),
(253, 12, 244, '0.95', '02_Febrero', 2017, '2017-10-12 19:06:42', NULL),
(254, 12, 245, '0.93', '02_Febrero', 2017, '2017-10-12 19:06:42', NULL),
(255, 12, 246, '1.00', '02_Febrero', 2017, '2017-10-12 19:06:42', NULL),
(256, 12, 247, '0.95', '02_Febrero', 2017, '2017-10-12 19:06:42', NULL),
(257, 12, 248, '0.93', '02_Febrero', 2017, '2017-10-12 19:06:42', NULL),
(258, 12, 249, '0.92', '02_Febrero', 2017, '2017-10-12 19:06:42', NULL),
(259, 12, 250, '1.00', '02_Febrero', 2017, '2017-10-12 19:06:42', NULL),
(260, 12, 251, '0.94', '02_Febrero', 2017, '2017-10-12 19:06:42', NULL),
(261, 12, 252, '1.00', '02_Febrero', 2017, '2017-10-12 19:06:42', NULL),
(262, 12, 253, '0.99', '02_Febrero', 2017, '2017-10-12 19:06:42', NULL),
(263, 12, 254, '0.96', '02_Febrero', 2017, '2017-10-12 19:06:42', NULL),
(264, 12, 255, '0.93', '02_Febrero', 2017, '2017-10-12 19:06:42', NULL),
(265, 12, 256, '0.90', '02_Febrero', 2017, '2017-10-12 19:06:42', NULL),
(266, 12, 257, '0.91', '02_Febrero', 2017, '2017-10-12 19:06:42', NULL),
(267, 12, 258, '0.99', '02_Febrero', 2017, '2017-10-12 19:06:42', NULL),
(268, 12, 259, '0.91', '02_Febrero', 2017, '2017-10-12 19:06:42', NULL),
(269, 12, 260, '0.95', '02_Febrero', 2017, '2017-10-12 19:06:42', NULL),
(270, 12, 261, '0.91', '02_Febrero', 2017, '2017-10-12 19:06:42', NULL),
(271, 12, 262, '0.98', '02_Febrero', 2017, '2017-10-12 19:06:42', NULL),
(272, 12, 263, '0.94', '02_Febrero', 2017, '2017-10-12 19:06:42', NULL),
(273, 12, 264, '0.97', '02_Febrero', 2017, '2017-10-12 19:06:42', NULL),
(274, 12, 265, '1.00', '02_Febrero', 2017, '2017-10-12 19:06:42', NULL),
(275, 12, 266, '0.96', '02_Febrero', 2017, '2017-10-12 19:06:42', NULL),
(276, 12, 267, '0.92', '02_Febrero', 2017, '2017-10-12 19:06:42', NULL),
(277, 10, 222, '4.00', '03_Marzo', 2017, '2017-10-12 19:06:42', NULL),
(278, 10, 223, '2.00', '03_Marzo', 2017, '2017-10-12 19:06:42', NULL),
(279, 10, 224, '1.00', '03_Marzo', 2017, '2017-10-12 19:06:42', NULL),
(280, 10, 225, '2.00', '03_Marzo', 2017, '2017-10-12 19:06:42', NULL),
(281, 10, 226, '2.00', '03_Marzo', 2017, '2017-10-12 19:06:42', NULL),
(282, 10, 227, '0.00', '03_Marzo', 2017, '2017-10-12 19:06:42', NULL),
(283, 10, 228, '0.00', '03_Marzo', 2017, '2017-10-12 19:06:42', NULL),
(284, 10, 229, '0.00', '03_Marzo', 2017, '2017-10-12 19:06:42', NULL),
(285, 10, 230, '0.00', '03_Marzo', 2017, '2017-10-12 19:06:42', NULL),
(286, 10, 231, '2.00', '03_Marzo', 2017, '2017-10-12 19:06:42', NULL),
(287, 10, 232, '3.00', '03_Marzo', 2017, '2017-10-12 19:06:42', NULL),
(288, 10, 233, '3.00', '03_Marzo', 2017, '2017-10-12 19:06:42', NULL),
(289, 10, 234, '2.00', '03_Marzo', 2017, '2017-10-12 19:06:42', NULL),
(290, 10, 235, '3.00', '03_Marzo', 2017, '2017-10-12 19:06:42', NULL),
(291, 10, 236, '5.00', '03_Marzo', 2017, '2017-10-12 19:06:42', NULL),
(292, 10, 237, '0.00', '03_Marzo', 2017, '2017-10-12 19:06:42', NULL),
(293, 10, 238, '4.00', '03_Marzo', 2017, '2017-10-12 19:06:42', NULL),
(294, 10, 239, '1.00', '03_Marzo', 2017, '2017-10-12 19:06:42', NULL),
(295, 10, 240, '5.00', '03_Marzo', 2017, '2017-10-12 19:06:42', NULL),
(296, 10, 241, '1.00', '03_Marzo', 2017, '2017-10-12 19:06:42', NULL),
(297, 10, 242, '5.00', '03_Marzo', 2017, '2017-10-12 19:06:42', NULL),
(298, 10, 243, '6.00', '03_Marzo', 2017, '2017-10-12 19:06:42', NULL),
(299, 10, 244, '3.00', '03_Marzo', 2017, '2017-10-12 19:06:42', NULL),
(300, 10, 245, '5.00', '03_Marzo', 2017, '2017-10-12 19:06:42', NULL),
(301, 10, 246, '4.00', '03_Marzo', 2017, '2017-10-12 19:06:42', NULL),
(302, 10, 247, '2.00', '03_Marzo', 2017, '2017-10-12 19:06:42', NULL),
(303, 10, 248, '1.00', '03_Marzo', 2017, '2017-10-12 19:06:42', NULL),
(304, 10, 249, '2.00', '03_Marzo', 2017, '2017-10-12 19:06:42', NULL),
(305, 10, 250, '2.00', '03_Marzo', 2017, '2017-10-12 19:06:42', NULL),
(306, 10, 251, '1.00', '03_Marzo', 2017, '2017-10-12 19:06:42', NULL),
(307, 10, 252, '2.00', '03_Marzo', 2017, '2017-10-12 19:06:42', NULL),
(308, 10, 253, '1.00', '03_Marzo', 2017, '2017-10-12 19:06:42', NULL),
(309, 10, 254, '4.00', '03_Marzo', 2017, '2017-10-12 19:06:42', NULL),
(310, 10, 255, '1.00', '03_Marzo', 2017, '2017-10-12 19:06:42', NULL),
(311, 10, 256, '6.00', '03_Marzo', 2017, '2017-10-12 19:06:42', NULL),
(312, 10, 257, '4.00', '03_Marzo', 2017, '2017-10-12 19:06:42', NULL),
(313, 10, 258, '6.00', '03_Marzo', 2017, '2017-10-12 19:06:42', NULL),
(314, 10, 259, '3.00', '03_Marzo', 2017, '2017-10-12 19:06:42', NULL),
(315, 10, 260, '6.00', '03_Marzo', 2017, '2017-10-12 19:06:42', NULL),
(316, 10, 261, '2.00', '03_Marzo', 2017, '2017-10-12 19:06:42', NULL),
(317, 10, 262, '3.00', '03_Marzo', 2017, '2017-10-12 19:06:42', NULL),
(318, 10, 263, '1.00', '03_Marzo', 2017, '2017-10-12 19:06:42', NULL),
(319, 10, 264, '6.00', '03_Marzo', 2017, '2017-10-12 19:06:42', NULL),
(320, 10, 265, '1.00', '03_Marzo', 2017, '2017-10-12 19:06:42', NULL),
(321, 10, 266, '2.00', '03_Marzo', 2017, '2017-10-12 19:06:42', NULL),
(322, 10, 267, '2.00', '03_Marzo', 2017, '2017-10-12 19:06:42', NULL),
(323, 11, 222, '0.94', '03_Marzo', 2017, '2017-10-12 19:06:42', NULL),
(324, 11, 223, '0.87', '03_Marzo', 2017, '2017-10-12 19:06:42', NULL),
(325, 11, 224, '0.97', '03_Marzo', 2017, '2017-10-12 19:06:42', NULL),
(326, 11, 225, '0.98', '03_Marzo', 2017, '2017-10-12 19:06:42', NULL),
(327, 11, 226, '0.94', '03_Marzo', 2017, '2017-10-12 19:06:42', NULL),
(328, 11, 227, '1.00', '03_Marzo', 2017, '2017-10-12 19:06:42', NULL),
(329, 11, 228, '0.99', '03_Marzo', 2017, '2017-10-12 19:06:42', NULL),
(330, 11, 229, '0.86', '03_Marzo', 2017, '2017-10-12 19:06:42', NULL),
(331, 11, 230, '0.87', '03_Marzo', 2017, '2017-10-12 19:06:42', NULL),
(332, 11, 231, '0.95', '03_Marzo', 2017, '2017-10-12 19:06:42', NULL),
(333, 11, 232, '0.86', '03_Marzo', 2017, '2017-10-12 19:06:42', NULL),
(334, 11, 233, '0.88', '03_Marzo', 2017, '2017-10-12 19:06:42', NULL),
(335, 11, 234, '0.93', '03_Marzo', 2017, '2017-10-12 19:06:42', NULL),
(336, 11, 235, '0.95', '03_Marzo', 2017, '2017-10-12 19:06:42', NULL),
(337, 11, 236, '0.90', '03_Marzo', 2017, '2017-10-12 19:06:42', NULL),
(338, 11, 237, '0.89', '03_Marzo', 2017, '2017-10-12 19:06:42', NULL),
(339, 11, 238, '0.96', '03_Marzo', 2017, '2017-10-12 19:06:42', NULL),
(340, 11, 239, '0.93', '03_Marzo', 2017, '2017-10-12 19:06:42', NULL),
(341, 11, 240, '1.00', '03_Marzo', 2017, '2017-10-12 19:06:42', NULL),
(342, 11, 241, '0.87', '03_Marzo', 2017, '2017-10-12 19:06:42', NULL),
(343, 11, 242, '0.81', '03_Marzo', 2017, '2017-10-12 19:06:42', NULL),
(344, 11, 243, '0.89', '03_Marzo', 2017, '2017-10-12 19:06:42', NULL),
(345, 11, 244, '0.87', '03_Marzo', 2017, '2017-10-12 19:06:42', NULL),
(346, 11, 245, '0.94', '03_Marzo', 2017, '2017-10-12 19:06:42', NULL),
(347, 11, 246, '0.86', '03_Marzo', 2017, '2017-10-12 19:06:42', NULL),
(348, 11, 247, '0.84', '03_Marzo', 2017, '2017-10-12 19:06:42', NULL),
(349, 11, 248, '0.88', '03_Marzo', 2017, '2017-10-12 19:06:42', NULL),
(350, 11, 249, '0.96', '03_Marzo', 2017, '2017-10-12 19:06:42', NULL),
(351, 11, 250, '0.82', '03_Marzo', 2017, '2017-10-12 19:06:42', NULL),
(352, 11, 251, '0.87', '03_Marzo', 2017, '2017-10-12 19:06:42', NULL),
(353, 11, 252, '0.97', '03_Marzo', 2017, '2017-10-12 19:06:42', NULL),
(354, 11, 253, '1.00', '03_Marzo', 2017, '2017-10-12 19:06:42', NULL),
(355, 11, 254, '0.84', '03_Marzo', 2017, '2017-10-12 19:06:42', NULL),
(356, 11, 255, '0.89', '03_Marzo', 2017, '2017-10-12 19:06:42', NULL),
(357, 11, 256, '0.90', '03_Marzo', 2017, '2017-10-12 19:06:42', NULL),
(358, 11, 257, '0.84', '03_Marzo', 2017, '2017-10-12 19:06:42', NULL),
(359, 11, 258, '0.80', '03_Marzo', 2017, '2017-10-12 19:06:42', NULL),
(360, 11, 259, '0.98', '03_Marzo', 2017, '2017-10-12 19:06:42', NULL),
(361, 11, 260, '1.00', '03_Marzo', 2017, '2017-10-12 19:06:42', NULL),
(362, 11, 261, '0.96', '03_Marzo', 2017, '2017-10-12 19:06:42', NULL),
(363, 11, 262, '0.94', '03_Marzo', 2017, '2017-10-12 19:06:42', NULL),
(364, 11, 263, '1.00', '03_Marzo', 2017, '2017-10-12 19:06:42', NULL),
(365, 11, 264, '0.92', '03_Marzo', 2017, '2017-10-12 19:06:42', NULL),
(366, 11, 265, '0.90', '03_Marzo', 2017, '2017-10-12 19:06:42', NULL),
(367, 11, 266, '0.97', '03_Marzo', 2017, '2017-10-12 19:06:42', NULL),
(368, 11, 267, '0.85', '03_Marzo', 2017, '2017-10-12 19:06:42', NULL),
(369, 12, 222, '0.98', '03_Marzo', 2017, '2017-10-12 19:06:42', NULL),
(370, 12, 223, '0.97', '03_Marzo', 2017, '2017-10-12 19:06:42', NULL),
(371, 12, 224, '0.99', '03_Marzo', 2017, '2017-10-12 19:06:42', NULL),
(372, 12, 225, '0.96', '03_Marzo', 2017, '2017-10-12 19:06:42', NULL),
(373, 12, 226, '0.95', '03_Marzo', 2017, '2017-10-12 19:06:42', NULL),
(374, 12, 227, '0.99', '03_Marzo', 2017, '2017-10-12 19:06:42', NULL),
(375, 12, 228, '0.93', '03_Marzo', 2017, '2017-10-12 19:06:42', NULL),
(376, 12, 229, '0.94', '03_Marzo', 2017, '2017-10-12 19:06:42', NULL),
(377, 12, 230, '0.98', '03_Marzo', 2017, '2017-10-12 19:06:42', NULL),
(378, 12, 231, '0.93', '03_Marzo', 2017, '2017-10-12 19:06:42', NULL),
(379, 12, 232, '0.97', '03_Marzo', 2017, '2017-10-12 19:06:42', NULL),
(380, 12, 233, '0.96', '03_Marzo', 2017, '2017-10-12 19:06:42', NULL),
(381, 12, 234, '1.00', '03_Marzo', 2017, '2017-10-12 19:06:42', NULL),
(382, 12, 235, '0.98', '03_Marzo', 2017, '2017-10-12 19:06:42', NULL),
(383, 12, 236, '0.99', '03_Marzo', 2017, '2017-10-12 19:06:42', NULL),
(384, 12, 237, '0.94', '03_Marzo', 2017, '2017-10-12 19:06:42', NULL),
(385, 12, 238, '0.97', '03_Marzo', 2017, '2017-10-12 19:06:42', NULL),
(386, 12, 239, '0.96', '03_Marzo', 2017, '2017-10-12 19:06:42', NULL),
(387, 12, 240, '0.99', '03_Marzo', 2017, '2017-10-12 19:06:42', NULL),
(388, 12, 241, '0.94', '03_Marzo', 2017, '2017-10-12 19:06:42', NULL),
(389, 12, 242, '0.94', '03_Marzo', 2017, '2017-10-12 19:06:42', NULL),
(390, 12, 243, '0.96', '03_Marzo', 2017, '2017-10-12 19:06:42', NULL),
(391, 12, 244, '0.96', '03_Marzo', 2017, '2017-10-12 19:06:42', NULL),
(392, 12, 245, '0.98', '03_Marzo', 2017, '2017-10-12 19:06:42', NULL),
(393, 12, 246, '0.96', '03_Marzo', 2017, '2017-10-12 19:06:42', NULL),
(394, 12, 247, '0.97', '03_Marzo', 2017, '2017-10-12 19:06:42', NULL),
(395, 12, 248, '0.96', '03_Marzo', 2017, '2017-10-12 19:06:42', NULL),
(396, 12, 249, '0.96', '03_Marzo', 2017, '2017-10-12 19:06:42', NULL),
(397, 12, 250, '0.93', '03_Marzo', 2017, '2017-10-12 19:06:42', NULL),
(398, 12, 251, '0.95', '03_Marzo', 2017, '2017-10-12 19:06:42', NULL),
(399, 12, 252, '0.99', '03_Marzo', 2017, '2017-10-12 19:06:42', NULL),
(400, 12, 253, '0.93', '03_Marzo', 2017, '2017-10-12 19:06:42', NULL),
(401, 12, 254, '0.96', '03_Marzo', 2017, '2017-10-12 19:06:42', NULL),
(402, 12, 255, '0.93', '03_Marzo', 2017, '2017-10-12 19:06:42', NULL),
(403, 12, 256, '0.93', '03_Marzo', 2017, '2017-10-12 19:06:42', NULL),
(404, 12, 257, '0.96', '03_Marzo', 2017, '2017-10-12 19:06:42', NULL),
(405, 12, 258, '0.96', '03_Marzo', 2017, '2017-10-12 19:06:42', NULL),
(406, 12, 259, '0.96', '03_Marzo', 2017, '2017-10-12 19:06:42', NULL),
(407, 12, 260, '0.98', '03_Marzo', 2017, '2017-10-12 19:06:42', NULL),
(408, 12, 261, '0.98', '03_Marzo', 2017, '2017-10-12 19:06:42', NULL),
(409, 12, 262, '0.95', '03_Marzo', 2017, '2017-10-12 19:06:42', NULL),
(410, 12, 263, '0.96', '03_Marzo', 2017, '2017-10-12 19:06:42', NULL),
(411, 12, 264, '0.98', '03_Marzo', 2017, '2017-10-12 19:06:42', NULL),
(412, 12, 265, '0.93', '03_Marzo', 2017, '2017-10-12 19:06:42', NULL),
(413, 12, 266, '0.96', '03_Marzo', 2017, '2017-10-12 19:06:42', NULL),
(414, 12, 267, '0.98', '03_Marzo', 2017, '2017-10-12 19:06:42', NULL),
(512, 5, 1, '0.00', '01_Enero', 2017, '2017-10-12 19:06:54', NULL),
(513, 5, 2, '0.00', '01_Enero', 2017, '2017-10-12 19:06:54', NULL),
(514, 5, 3, '0.00', '01_Enero', 2017, '2017-10-12 19:06:54', NULL),
(515, 5, 4, '0.00', '01_Enero', 2017, '2017-10-12 19:06:54', NULL),
(516, 5, 5, '0.00', '01_Enero', 2017, '2017-10-12 19:06:54', NULL),
(517, 5, 6, '0.00', '01_Enero', 2017, '2017-10-12 19:06:54', NULL),
(518, 5, 7, '0.00', '01_Enero', 2017, '2017-10-12 19:06:54', NULL),
(519, 5, 8, '0.00', '01_Enero', 2017, '2017-10-12 19:06:54', NULL),
(520, 5, 9, '0.00', '01_Enero', 2017, '2017-10-12 19:06:54', NULL),
(521, 5, 10, '0.00', '01_Enero', 2017, '2017-10-12 19:06:54', NULL),
(522, 5, 11, '0.00', '01_Enero', 2017, '2017-10-12 19:06:54', NULL),
(523, 5, 12, '0.00', '01_Enero', 2017, '2017-10-12 19:06:54', NULL),
(524, 5, 13, '0.00', '01_Enero', 2017, '2017-10-12 19:06:54', NULL),
(525, 5, 14, '0.00', '01_Enero', 2017, '2017-10-12 19:06:54', NULL),
(526, 5, 15, '0.00', '01_Enero', 2017, '2017-10-12 19:06:54', NULL),
(527, 5, 16, '0.00', '01_Enero', 2017, '2017-10-12 19:06:54', NULL),
(528, 5, 17, '2.00', '01_Enero', 2017, '2017-10-12 19:06:54', NULL),
(529, 5, 18, '0.00', '01_Enero', 2017, '2017-10-12 19:06:54', NULL),
(530, 5, 19, '0.00', '01_Enero', 2017, '2017-10-12 19:06:54', NULL),
(531, 5, 20, '0.00', '01_Enero', 2017, '2017-10-12 19:06:54', NULL),
(532, 5, 21, '0.00', '01_Enero', 2017, '2017-10-12 19:06:54', NULL),
(533, 5, 22, '0.00', '01_Enero', 2017, '2017-10-12 19:06:54', NULL),
(534, 5, 23, '0.00', '01_Enero', 2017, '2017-10-12 19:06:54', NULL),
(535, 5, 24, '0.00', '01_Enero', 2017, '2017-10-12 19:06:54', NULL),
(536, 5, 25, '0.00', '01_Enero', 2017, '2017-10-12 19:06:54', NULL),
(537, 5, 26, '0.00', '01_Enero', 2017, '2017-10-12 19:06:54', NULL),
(538, 5, 27, '0.00', '01_Enero', 2017, '2017-10-12 19:06:54', NULL),
(539, 5, 28, '0.00', '01_Enero', 2017, '2017-10-12 19:06:54', NULL),
(540, 5, 29, '0.00', '01_Enero', 2017, '2017-10-12 19:06:54', NULL),
(541, 5, 30, '0.00', '01_Enero', 2017, '2017-10-12 19:06:54', NULL),
(542, 5, 31, '0.00', '01_Enero', 2017, '2017-10-12 19:06:54', NULL),
(543, 5, 32, '0.00', '01_Enero', 2017, '2017-10-12 19:06:54', NULL),
(544, 5, 33, '0.00', '01_Enero', 2017, '2017-10-12 19:06:54', NULL),
(545, 5, 34, '0.00', '01_Enero', 2017, '2017-10-12 19:06:54', NULL),
(546, 5, 35, '0.00', '01_Enero', 2017, '2017-10-12 19:06:54', NULL),
(547, 5, 36, '0.00', '01_Enero', 2017, '2017-10-12 19:06:54', NULL),
(548, 5, 37, '0.00', '01_Enero', 2017, '2017-10-12 19:06:54', NULL),
(549, 5, 38, '0.00', '01_Enero', 2017, '2017-10-12 19:06:54', NULL),
(550, 5, 39, '0.00', '01_Enero', 2017, '2017-10-12 19:06:54', NULL),
(551, 5, 40, '0.00', '01_Enero', 2017, '2017-10-12 19:06:54', NULL),
(552, 5, 41, '0.00', '01_Enero', 2017, '2017-10-12 19:06:54', NULL),
(553, 5, 42, '2.00', '01_Enero', 2017, '2017-10-12 19:06:54', NULL),
(554, 5, 43, '0.00', '01_Enero', 2017, '2017-10-12 19:06:54', NULL),
(555, 5, 44, '0.00', '01_Enero', 2017, '2017-10-12 19:06:54', NULL),
(556, 5, 45, '0.00', '01_Enero', 2017, '2017-10-12 19:06:54', NULL),
(557, 5, 46, '0.00', '01_Enero', 2017, '2017-10-12 19:06:54', NULL),
(558, 5, 47, '0.00', '01_Enero', 2017, '2017-10-12 19:06:54', NULL),
(559, 5, 48, '0.00', '01_Enero', 2017, '2017-10-12 19:06:54', NULL),
(560, 5, 49, '0.00', '01_Enero', 2017, '2017-10-12 19:06:54', NULL),
(561, 5, 50, '0.00', '01_Enero', 2017, '2017-10-12 19:06:54', NULL),
(562, 5, 51, '0.00', '01_Enero', 2017, '2017-10-12 19:06:54', NULL),
(563, 5, 52, '0.00', '01_Enero', 2017, '2017-10-12 19:06:54', NULL),
(564, 5, 53, '0.00', '01_Enero', 2017, '2017-10-12 19:06:54', NULL),
(565, 5, 54, '0.00', '01_Enero', 2017, '2017-10-12 19:06:54', NULL),
(566, 5, 55, '0.00', '01_Enero', 2017, '2017-10-12 19:06:54', NULL),
(567, 5, 56, '0.00', '01_Enero', 2017, '2017-10-12 19:06:54', NULL),
(568, 5, 57, '0.00', '01_Enero', 2017, '2017-10-12 19:06:54', NULL),
(569, 5, 58, '3.00', '01_Enero', 2017, '2017-10-12 19:06:54', NULL),
(570, 5, 59, '0.00', '01_Enero', 2017, '2017-10-12 19:06:54', NULL),
(571, 5, 60, '1.00', '01_Enero', 2017, '2017-10-12 19:06:54', NULL),
(572, 5, 61, '0.00', '01_Enero', 2017, '2017-10-12 19:06:54', NULL),
(573, 5, 62, '0.00', '01_Enero', 2017, '2017-10-12 19:06:54', NULL),
(574, 5, 63, '0.00', '01_Enero', 2017, '2017-10-12 19:06:54', NULL),
(575, 5, 64, '0.00', '01_Enero', 2017, '2017-10-12 19:06:54', NULL),
(576, 5, 65, '0.00', '01_Enero', 2017, '2017-10-12 19:06:54', NULL),
(577, 5, 66, '0.00', '01_Enero', 2017, '2017-10-12 19:06:54', NULL),
(578, 5, 67, '0.00', '01_Enero', 2017, '2017-10-12 19:06:54', NULL),
(579, 5, 68, '15.00', '01_Enero', 2017, '2017-10-12 19:06:54', NULL),
(580, 5, 69, '2.00', '01_Enero', 2017, '2017-10-12 19:06:54', NULL),
(581, 5, 70, '0.00', '01_Enero', 2017, '2017-10-12 19:06:54', NULL),
(582, 5, 71, '0.00', '01_Enero', 2017, '2017-10-12 19:06:54', NULL),
(583, 5, 72, '0.00', '01_Enero', 2017, '2017-10-12 19:06:54', NULL),
(584, 5, 73, '19.00', '01_Enero', 2017, '2017-10-12 19:06:54', NULL),
(585, 5, 74, '0.00', '01_Enero', 2017, '2017-10-12 19:06:54', NULL),
(586, 5, 75, '2.00', '01_Enero', 2017, '2017-10-12 19:06:54', NULL),
(587, 5, 76, '0.00', '01_Enero', 2017, '2017-10-12 19:06:54', NULL),
(588, 5, 77, '0.00', '01_Enero', 2017, '2017-10-12 19:06:54', NULL),
(589, 5, 78, '0.00', '01_Enero', 2017, '2017-10-12 19:06:54', NULL),
(590, 5, 79, '0.00', '01_Enero', 2017, '2017-10-12 19:06:54', NULL),
(591, 5, 80, '0.00', '01_Enero', 2017, '2017-10-12 19:06:54', NULL),
(592, 5, 81, '0.00', '01_Enero', 2017, '2017-10-12 19:06:54', NULL),
(593, 5, 82, '0.00', '01_Enero', 2017, '2017-10-12 19:06:54', NULL),
(594, 5, 83, '0.00', '01_Enero', 2017, '2017-10-12 19:06:54', NULL),
(595, 5, 84, '0.00', '01_Enero', 2017, '2017-10-12 19:06:54', NULL),
(596, 5, 85, '0.00', '01_Enero', 2017, '2017-10-12 19:06:54', NULL),
(597, 5, 86, '0.00', '01_Enero', 2017, '2017-10-12 19:06:54', NULL),
(598, 5, 87, '0.00', '01_Enero', 2017, '2017-10-12 19:06:54', NULL),
(599, 5, 88, '0.00', '01_Enero', 2017, '2017-10-12 19:06:54', NULL),
(600, 5, 89, '0.00', '01_Enero', 2017, '2017-10-12 19:06:54', NULL),
(601, 5, 90, '0.00', '01_Enero', 2017, '2017-10-12 19:06:54', NULL),
(602, 6, 1, '0.00', '01_Enero', 2017, '2017-10-12 19:06:54', NULL),
(603, 6, 2, '0.00', '01_Enero', 2017, '2017-10-12 19:06:54', NULL),
(604, 6, 3, '0.95', '01_Enero', 2017, '2017-10-12 19:06:54', NULL),
(605, 6, 4, '0.96', '01_Enero', 2017, '2017-10-12 19:06:54', NULL),
(606, 6, 5, '0.92', '01_Enero', 2017, '2017-10-12 19:06:54', NULL),
(607, 6, 6, '0.94', '01_Enero', 2017, '2017-10-12 19:06:54', NULL),
(608, 6, 7, '0.94', '01_Enero', 2017, '2017-10-12 19:06:54', NULL),
(609, 6, 8, '0.96', '01_Enero', 2017, '2017-10-12 19:06:54', NULL),
(610, 6, 9, '0.96', '01_Enero', 2017, '2017-10-12 19:06:54', NULL),
(611, 6, 10, '0.95', '01_Enero', 2017, '2017-10-12 19:06:54', NULL),
(612, 6, 11, '0.95', '01_Enero', 2017, '2017-10-12 19:06:54', NULL),
(613, 6, 12, '0.96', '01_Enero', 2017, '2017-10-12 19:06:54', NULL),
(614, 6, 13, '0.98', '01_Enero', 2017, '2017-10-12 19:06:54', NULL),
(615, 6, 14, '0.01', '01_Enero', 2017, '2017-10-12 19:06:54', NULL),
(616, 6, 15, '0.96', '01_Enero', 2017, '2017-10-12 19:06:54', NULL),
(617, 6, 16, '0.00', '01_Enero', 2017, '2017-10-12 19:06:54', NULL),
(618, 6, 17, '0.95', '01_Enero', 2017, '2017-10-12 19:06:54', NULL),
(619, 6, 18, '0.94', '01_Enero', 2017, '2017-10-12 19:06:54', NULL),
(620, 6, 19, '0.93', '01_Enero', 2017, '2017-10-12 19:06:54', NULL),
(621, 6, 20, '0.95', '01_Enero', 2017, '2017-10-12 19:06:54', NULL),
(622, 6, 21, '0.95', '01_Enero', 2017, '2017-10-12 19:06:54', NULL),
(623, 6, 22, '0.94', '01_Enero', 2017, '2017-10-12 19:06:54', NULL),
(624, 6, 23, '0.95', '01_Enero', 2017, '2017-10-12 19:06:54', NULL),
(625, 6, 24, '0.00', '01_Enero', 2017, '2017-10-12 19:06:54', NULL),
(626, 6, 25, '0.00', '01_Enero', 2017, '2017-10-12 19:06:54', NULL),
(627, 6, 26, '0.95', '01_Enero', 2017, '2017-10-12 19:06:54', NULL),
(628, 6, 27, '0.95', '01_Enero', 2017, '2017-10-12 19:06:54', NULL),
(629, 6, 28, '0.95', '01_Enero', 2017, '2017-10-12 19:06:54', NULL),
(630, 6, 29, '0.96', '01_Enero', 2017, '2017-10-12 19:06:54', NULL),
(631, 6, 30, '0.00', '01_Enero', 2017, '2017-10-12 19:06:54', NULL),
(632, 6, 31, '0.95', '01_Enero', 2017, '2017-10-12 19:06:54', NULL),
(633, 6, 32, '0.94', '01_Enero', 2017, '2017-10-12 19:06:54', NULL),
(634, 6, 33, '0.45', '01_Enero', 2017, '2017-10-12 19:06:54', NULL),
(635, 6, 34, '0.86', '01_Enero', 2017, '2017-10-12 19:06:54', NULL),
(636, 6, 35, '0.96', '01_Enero', 2017, '2017-10-12 19:06:54', NULL),
(637, 6, 36, '0.93', '01_Enero', 2017, '2017-10-12 19:06:54', NULL),
(638, 6, 37, '0.00', '01_Enero', 2017, '2017-10-12 19:06:54', NULL),
(639, 6, 38, '0.52', '01_Enero', 2017, '2017-10-12 19:06:54', NULL),
(640, 6, 39, '0.00', '01_Enero', 2017, '2017-10-12 19:06:54', NULL),
(641, 6, 40, '0.96', '01_Enero', 2017, '2017-10-12 19:06:54', NULL),
(642, 6, 41, '0.00', '01_Enero', 2017, '2017-10-12 19:06:54', NULL),
(643, 6, 42, '0.66', '01_Enero', 2017, '2017-10-12 19:06:54', NULL),
(644, 6, 43, '0.95', '01_Enero', 2017, '2017-10-12 19:06:54', NULL),
(645, 6, 44, '0.00', '01_Enero', 2017, '2017-10-12 19:06:54', NULL),
(646, 6, 45, '0.95', '01_Enero', 2017, '2017-10-12 19:06:54', NULL),
(647, 6, 46, '0.96', '01_Enero', 2017, '2017-10-12 19:06:54', NULL),
(648, 6, 47, '0.00', '01_Enero', 2017, '2017-10-12 19:06:54', NULL),
(649, 6, 48, '0.94', '01_Enero', 2017, '2017-10-12 19:06:54', NULL),
(650, 6, 49, '0.96', '01_Enero', 2017, '2017-10-12 19:06:54', NULL),
(651, 6, 50, '0.96', '01_Enero', 2017, '2017-10-12 19:06:54', NULL),
(652, 6, 51, '0.00', '01_Enero', 2017, '2017-10-12 19:06:54', NULL),
(653, 6, 52, '0.96', '01_Enero', 2017, '2017-10-12 19:06:54', NULL),
(654, 6, 53, '0.94', '01_Enero', 2017, '2017-10-12 19:06:54', NULL),
(655, 6, 54, '0.95', '01_Enero', 2017, '2017-10-12 19:06:54', NULL),
(656, 6, 55, '0.94', '01_Enero', 2017, '2017-10-12 19:06:54', NULL),
(657, 6, 56, '0.00', '01_Enero', 2017, '2017-10-12 19:06:54', NULL),
(658, 6, 57, '0.95', '01_Enero', 2017, '2017-10-12 19:06:54', NULL),
(659, 6, 58, '0.95', '01_Enero', 2017, '2017-10-12 19:06:54', NULL),
(660, 6, 59, '0.95', '01_Enero', 2017, '2017-10-12 19:06:54', NULL),
(661, 6, 60, '0.96', '01_Enero', 2017, '2017-10-12 19:06:54', NULL),
(662, 6, 61, '0.96', '01_Enero', 2017, '2017-10-12 19:06:54', NULL),
(663, 6, 62, '0.96', '01_Enero', 2017, '2017-10-12 19:06:54', NULL),
(664, 6, 63, '0.96', '01_Enero', 2017, '2017-10-12 19:06:54', NULL),
(665, 6, 64, '0.00', '01_Enero', 2017, '2017-10-12 19:06:54', NULL),
(666, 6, 65, '0.00', '01_Enero', 2017, '2017-10-12 19:06:54', NULL),
(667, 6, 66, '0.00', '01_Enero', 2017, '2017-10-12 19:06:54', NULL),
(668, 6, 67, '0.96', '01_Enero', 2017, '2017-10-12 19:06:54', NULL),
(669, 6, 68, '0.00', '01_Enero', 2017, '2017-10-12 19:06:54', NULL),
(670, 6, 69, '0.95', '01_Enero', 2017, '2017-10-12 19:06:54', NULL),
(671, 6, 70, '0.95', '01_Enero', 2017, '2017-10-12 19:06:54', NULL),
(672, 6, 71, '0.94', '01_Enero', 2017, '2017-10-12 19:06:54', NULL),
(673, 6, 72, '0.94', '01_Enero', 2017, '2017-10-12 19:06:54', NULL),
(674, 6, 73, '0.00', '01_Enero', 2017, '2017-10-12 19:06:54', NULL),
(675, 6, 74, '0.94', '01_Enero', 2017, '2017-10-12 19:06:54', NULL),
(676, 6, 75, '0.00', '01_Enero', 2017, '2017-10-12 19:06:54', NULL),
(677, 6, 76, '0.59', '01_Enero', 2017, '2017-10-12 19:06:54', NULL),
(678, 6, 77, '0.94', '01_Enero', 2017, '2017-10-12 19:06:54', NULL),
(679, 6, 78, '0.94', '01_Enero', 2017, '2017-10-12 19:06:54', NULL),
(680, 6, 79, '0.94', '01_Enero', 2017, '2017-10-12 19:06:54', NULL),
(681, 6, 80, '0.00', '01_Enero', 2017, '2017-10-12 19:06:54', NULL),
(682, 6, 81, '0.94', '01_Enero', 2017, '2017-10-12 19:06:54', NULL),
(683, 6, 82, '0.94', '01_Enero', 2017, '2017-10-12 19:06:54', NULL),
(684, 6, 83, '0.94', '01_Enero', 2017, '2017-10-12 19:06:54', NULL),
(685, 6, 84, '0.94', '01_Enero', 2017, '2017-10-12 19:06:54', NULL),
(686, 6, 85, '0.94', '01_Enero', 2017, '2017-10-12 19:06:54', NULL),
(687, 6, 86, '0.94', '01_Enero', 2017, '2017-10-12 19:06:54', NULL),
(688, 6, 87, '0.94', '01_Enero', 2017, '2017-10-12 19:06:54', NULL),
(689, 6, 88, '1.44', '01_Enero', 2017, '2017-10-12 19:06:54', NULL),
(690, 6, 89, '0.00', '01_Enero', 2017, '2017-10-12 19:06:54', NULL),
(691, 6, 90, '0.00', '01_Enero', 2017, '2017-10-12 19:06:54', NULL),
(692, 7, 1, '0.00', '01_Enero', 2017, '2017-10-12 19:06:54', NULL),
(693, 7, 2, '0.29', '01_Enero', 2017, '2017-10-12 19:06:54', NULL),
(694, 7, 3, '0.32', '01_Enero', 2017, '2017-10-12 19:06:54', NULL),
(695, 7, 4, '0.29', '01_Enero', 2017, '2017-10-12 19:06:54', NULL),
(696, 7, 5, '0.32', '01_Enero', 2017, '2017-10-12 19:06:54', NULL),
(697, 7, 6, '0.24', '01_Enero', 2017, '2017-10-12 19:06:54', NULL),
(698, 7, 7, '0.31', '01_Enero', 2017, '2017-10-12 19:06:54', NULL),
(699, 7, 8, '0.31', '01_Enero', 2017, '2017-10-12 19:06:54', NULL),
(700, 7, 9, '0.31', '01_Enero', 2017, '2017-10-12 19:06:54', NULL),
(701, 7, 10, '0.32', '01_Enero', 2017, '2017-10-12 19:06:54', NULL),
(702, 7, 11, '0.32', '01_Enero', 2017, '2017-10-12 19:06:54', NULL),
(703, 7, 12, '0.32', '01_Enero', 2017, '2017-10-12 19:06:54', NULL),
(704, 7, 13, '0.34', '01_Enero', 2017, '2017-10-12 19:06:54', NULL),
(705, 7, 14, '0.00', '01_Enero', 2017, '2017-10-12 19:06:54', NULL),
(706, 7, 15, '0.33', '01_Enero', 2017, '2017-10-12 19:06:54', NULL),
(707, 7, 16, '0.30', '01_Enero', 2017, '2017-10-12 19:06:54', NULL),
(708, 7, 17, '0.32', '01_Enero', 2017, '2017-10-12 19:06:54', NULL),
(709, 7, 18, '0.24', '01_Enero', 2017, '2017-10-12 19:06:54', NULL),
(710, 7, 19, '0.19', '01_Enero', 2017, '2017-10-12 19:06:54', NULL),
(711, 7, 20, '0.31', '01_Enero', 2017, '2017-10-12 19:06:54', NULL),
(712, 7, 21, '0.32', '01_Enero', 2017, '2017-10-12 19:06:54', NULL),
(713, 7, 22, '0.00', '01_Enero', 2017, '2017-10-12 19:06:54', NULL),
(714, 7, 23, '0.31', '01_Enero', 2017, '2017-10-12 19:06:54', NULL),
(715, 7, 24, '0.31', '01_Enero', 2017, '2017-10-12 19:06:54', NULL),
(716, 7, 25, '0.30', '01_Enero', 2017, '2017-10-12 19:06:54', NULL),
(717, 7, 26, '0.31', '01_Enero', 2017, '2017-10-12 19:06:54', NULL),
(718, 7, 27, '0.32', '01_Enero', 2017, '2017-10-12 19:06:54', NULL),
(719, 7, 28, '0.32', '01_Enero', 2017, '2017-10-12 19:06:54', NULL),
(720, 7, 29, '0.32', '01_Enero', 2017, '2017-10-12 19:06:54', NULL),
(721, 7, 30, '0.32', '01_Enero', 2017, '2017-10-12 19:06:54', NULL),
(722, 7, 31, '0.31', '01_Enero', 2017, '2017-10-12 19:06:54', NULL),
(723, 7, 32, '0.00', '01_Enero', 2017, '2017-10-12 19:06:54', NULL),
(724, 7, 33, '0.33', '01_Enero', 2017, '2017-10-12 19:06:54', NULL),
(725, 7, 34, '0.30', '01_Enero', 2017, '2017-10-12 19:06:54', NULL),
(726, 7, 35, '0.29', '01_Enero', 2017, '2017-10-12 19:06:54', NULL),
(727, 7, 36, '0.20', '01_Enero', 2017, '2017-10-12 19:06:54', NULL),
(728, 7, 37, '0.00', '01_Enero', 2017, '2017-10-12 19:06:54', NULL),
(729, 7, 38, '0.16', '01_Enero', 2017, '2017-10-12 19:06:54', NULL),
(730, 7, 39, '0.28', '01_Enero', 2017, '2017-10-12 19:06:54', NULL),
(731, 7, 40, '0.31', '01_Enero', 2017, '2017-10-12 19:06:54', NULL),
(732, 7, 41, '0.19', '01_Enero', 2017, '2017-10-12 19:06:54', NULL),
(733, 7, 42, '0.20', '01_Enero', 2017, '2017-10-12 19:06:54', NULL),
(734, 7, 43, '0.32', '01_Enero', 2017, '2017-10-12 19:06:54', NULL),
(735, 7, 44, '0.24', '01_Enero', 2017, '2017-10-12 19:06:54', NULL),
(736, 7, 45, '0.33', '01_Enero', 2017, '2017-10-12 19:06:54', NULL),
(737, 7, 46, '0.32', '01_Enero', 2017, '2017-10-12 19:06:54', NULL),
(738, 7, 47, '0.32', '01_Enero', 2017, '2017-10-12 19:06:54', NULL),
(739, 7, 48, '0.24', '01_Enero', 2017, '2017-10-12 19:06:54', NULL),
(740, 7, 49, '0.32', '01_Enero', 2017, '2017-10-12 19:06:54', NULL),
(741, 7, 50, '0.32', '01_Enero', 2017, '2017-10-12 19:06:54', NULL),
(742, 7, 51, '0.30', '01_Enero', 2017, '2017-10-12 19:06:54', NULL),
(743, 7, 52, '0.31', '01_Enero', 2017, '2017-10-12 19:06:54', NULL),
(744, 7, 53, '0.25', '01_Enero', 2017, '2017-10-12 19:06:54', NULL),
(745, 7, 54, '0.24', '01_Enero', 2017, '2017-10-12 19:06:54', NULL),
(746, 7, 55, '0.24', '01_Enero', 2017, '2017-10-12 19:06:54', NULL),
(747, 7, 56, '0.32', '01_Enero', 2017, '2017-10-12 19:06:54', NULL),
(748, 7, 57, '0.30', '01_Enero', 2017, '2017-10-12 19:06:54', NULL),
(749, 7, 58, '0.30', '01_Enero', 2017, '2017-10-12 19:06:54', NULL),
(750, 7, 59, '0.31', '01_Enero', 2017, '2017-10-12 19:06:54', NULL),
(751, 7, 60, '0.32', '01_Enero', 2017, '2017-10-12 19:06:54', NULL),
(752, 7, 61, '0.32', '01_Enero', 2017, '2017-10-12 19:06:54', NULL),
(753, 7, 62, '0.32', '01_Enero', 2017, '2017-10-12 19:06:54', NULL),
(754, 7, 63, '0.32', '01_Enero', 2017, '2017-10-12 19:06:54', NULL),
(755, 7, 64, '0.00', '01_Enero', 2017, '2017-10-12 19:06:54', NULL),
(756, 7, 65, '0.00', '01_Enero', 2017, '2017-10-12 19:06:54', NULL),
(757, 7, 66, '0.00', '01_Enero', 2017, '2017-10-12 19:06:54', NULL),
(758, 7, 67, '0.33', '01_Enero', 2017, '2017-10-12 19:06:54', NULL),
(759, 7, 68, '0.28', '01_Enero', 2017, '2017-10-12 19:06:54', NULL),
(760, 7, 69, '0.29', '01_Enero', 2017, '2017-10-12 19:06:54', NULL),
(761, 7, 70, '0.31', '01_Enero', 2017, '2017-10-12 19:06:54', NULL),
(762, 7, 71, '0.00', '01_Enero', 2017, '2017-10-12 19:06:54', NULL),
(763, 7, 72, '0.00', '01_Enero', 2017, '2017-10-12 19:06:54', NULL),
(764, 7, 73, '0.23', '01_Enero', 2017, '2017-10-12 19:06:54', NULL),
(765, 7, 74, '0.26', '01_Enero', 2017, '2017-10-12 19:06:54', NULL),
(766, 7, 75, '0.25', '01_Enero', 2017, '2017-10-12 19:06:54', NULL),
(767, 7, 76, '0.24', '01_Enero', 2017, '2017-10-12 19:06:54', NULL),
(768, 7, 77, '0.26', '01_Enero', 2017, '2017-10-12 19:06:54', NULL),
(769, 7, 78, '0.24', '01_Enero', 2017, '2017-10-12 19:06:54', NULL),
(770, 7, 79, '0.24', '01_Enero', 2017, '2017-10-12 19:06:54', NULL),
(771, 7, 80, '0.25', '01_Enero', 2017, '2017-10-12 19:06:54', NULL),
(772, 7, 81, '0.23', '01_Enero', 2017, '2017-10-12 19:06:54', NULL),
(773, 7, 82, '0.24', '01_Enero', 2017, '2017-10-12 19:06:54', NULL),
(774, 7, 83, '0.24', '01_Enero', 2017, '2017-10-12 19:06:54', NULL),
(775, 7, 84, '0.24', '01_Enero', 2017, '2017-10-12 19:06:54', NULL),
(776, 7, 85, '0.25', '01_Enero', 2017, '2017-10-12 19:06:54', NULL),
(777, 7, 86, '0.25', '01_Enero', 2017, '2017-10-12 19:06:54', NULL),
(778, 7, 87, '0.25', '01_Enero', 2017, '2017-10-12 19:06:54', NULL),
(779, 7, 88, '0.30', '01_Enero', 2017, '2017-10-12 19:06:54', NULL),
(780, 7, 89, '0.30', '01_Enero', 2017, '2017-10-12 19:06:54', NULL),
(781, 7, 90, '0.22', '01_Enero', 2017, '2017-10-12 19:06:54', NULL),
(782, 8, 1, '0.00', '01_Enero', 2017, '2017-10-12 19:06:54', NULL),
(783, 8, 2, '-0.18', '01_Enero', 2017, '2017-10-12 19:06:54', NULL),
(784, 8, 3, '-0.16', '01_Enero', 2017, '2017-10-12 19:06:54', NULL),
(785, 8, 4, '-0.19', '01_Enero', 2017, '2017-10-12 19:06:54', NULL),
(786, 8, 5, '-0.14', '01_Enero', 2017, '2017-10-12 19:06:54', NULL),
(787, 8, 6, '-0.19', '01_Enero', 2017, '2017-10-12 19:06:54', NULL),
(788, 8, 7, '-0.09', '01_Enero', 2017, '2017-10-12 19:06:54', NULL),
(789, 8, 8, '-0.16', '01_Enero', 2017, '2017-10-12 19:06:54', NULL),
(790, 8, 9, '-0.12', '01_Enero', 2017, '2017-10-12 19:06:54', NULL),
(791, 8, 10, '-0.11', '01_Enero', 2017, '2017-10-12 19:06:54', NULL),
(792, 8, 11, '-0.12', '01_Enero', 2017, '2017-10-12 19:06:54', NULL),
(793, 8, 12, '-0.17', '01_Enero', 2017, '2017-10-12 19:06:54', NULL),
(794, 8, 13, '-0.14', '01_Enero', 2017, '2017-10-12 19:06:54', NULL),
(795, 8, 14, '-1.00', '01_Enero', 2017, '2017-10-12 19:06:54', NULL),
(796, 8, 15, '-0.11', '01_Enero', 2017, '2017-10-12 19:06:54', NULL),
(797, 8, 16, '-0.11', '01_Enero', 2017, '2017-10-12 19:06:54', NULL),
(798, 8, 17, '-0.21', '01_Enero', 2017, '2017-10-12 19:06:54', NULL),
(799, 8, 18, '-0.17', '01_Enero', 2017, '2017-10-12 19:06:54', NULL),
(800, 8, 19, '-0.17', '01_Enero', 2017, '2017-10-12 19:06:54', NULL),
(801, 8, 20, '-0.12', '01_Enero', 2017, '2017-10-12 19:06:54', NULL),
(802, 8, 21, '-0.16', '01_Enero', 2017, '2017-10-12 19:06:54', NULL),
(803, 8, 22, '0.00', '01_Enero', 2017, '2017-10-12 19:06:54', NULL),
(804, 8, 23, '-0.11', '01_Enero', 2017, '2017-10-12 19:06:54', NULL),
(805, 8, 24, '-0.15', '01_Enero', 2017, '2017-10-12 19:06:54', NULL),
(806, 8, 25, '-0.17', '01_Enero', 2017, '2017-10-12 19:06:54', NULL),
(807, 8, 26, '-0.14', '01_Enero', 2017, '2017-10-12 19:06:54', NULL),
(808, 8, 27, '-0.12', '01_Enero', 2017, '2017-10-12 19:06:54', NULL),
(809, 8, 28, '-0.11', '01_Enero', 2017, '2017-10-12 19:06:54', NULL),
(810, 8, 29, '-0.15', '01_Enero', 2017, '2017-10-12 19:06:54', NULL),
(811, 8, 30, '-0.17', '01_Enero', 2017, '2017-10-12 19:06:54', NULL),
(812, 8, 31, '-0.13', '01_Enero', 2017, '2017-10-12 19:06:54', NULL),
(813, 8, 32, '-0.03', '01_Enero', 2017, '2017-10-12 19:06:54', NULL),
(814, 8, 33, '-0.34', '01_Enero', 2017, '2017-10-12 19:06:54', NULL),
(815, 8, 34, '-0.16', '01_Enero', 2017, '2017-10-12 19:06:54', NULL),
(816, 8, 35, '-0.17', '01_Enero', 2017, '2017-10-12 19:06:54', NULL),
(817, 8, 36, '-0.19', '01_Enero', 2017, '2017-10-12 19:06:54', NULL),
(818, 8, 37, '0.00', '01_Enero', 2017, '2017-10-12 19:06:54', NULL),
(819, 8, 38, '-0.07', '01_Enero', 2017, '2017-10-12 19:06:54', NULL),
(820, 8, 39, '-0.21', '01_Enero', 2017, '2017-10-12 19:06:54', NULL),
(821, 8, 40, '-0.11', '01_Enero', 2017, '2017-10-12 19:06:54', NULL),
(822, 8, 41, '-0.11', '01_Enero', 2017, '2017-10-12 19:06:54', NULL),
(823, 8, 42, '-0.16', '01_Enero', 2017, '2017-10-12 19:06:54', NULL),
(824, 8, 43, '-0.24', '01_Enero', 2017, '2017-10-12 19:06:54', NULL),
(825, 8, 44, '-0.13', '01_Enero', 2017, '2017-10-12 19:06:54', NULL),
(826, 8, 45, '-0.14', '01_Enero', 2017, '2017-10-12 19:06:54', NULL);
INSERT INTO `resultados` (`idresultados`, `idkpi`, `idpersona`, `resultado_kpi`, `mes`, `year`, `timestamp`, `idpersonaupdated`) VALUES
(827, 8, 46, '-0.14', '01_Enero', 2017, '2017-10-12 19:06:54', NULL),
(828, 8, 47, '-0.20', '01_Enero', 2017, '2017-10-12 19:06:54', NULL),
(829, 8, 48, '-0.13', '01_Enero', 2017, '2017-10-12 19:06:54', NULL),
(830, 8, 49, '-0.21', '01_Enero', 2017, '2017-10-12 19:06:54', NULL),
(831, 8, 50, '-0.18', '01_Enero', 2017, '2017-10-12 19:06:54', NULL),
(832, 8, 51, '-0.28', '01_Enero', 2017, '2017-10-12 19:06:54', NULL),
(833, 8, 52, '-0.19', '01_Enero', 2017, '2017-10-12 19:06:54', NULL),
(834, 8, 53, '-0.18', '01_Enero', 2017, '2017-10-12 19:06:54', NULL),
(835, 8, 54, '-0.15', '01_Enero', 2017, '2017-10-12 19:06:54', NULL),
(836, 8, 55, '-0.13', '01_Enero', 2017, '2017-10-12 19:06:54', NULL),
(837, 8, 56, '-0.12', '01_Enero', 2017, '2017-10-12 19:06:54', NULL),
(838, 8, 57, '-0.13', '01_Enero', 2017, '2017-10-12 19:06:54', NULL),
(839, 8, 58, '-0.31', '01_Enero', 2017, '2017-10-12 19:06:54', NULL),
(840, 8, 59, '-0.20', '01_Enero', 2017, '2017-10-12 19:06:54', NULL),
(841, 8, 60, '-0.30', '01_Enero', 2017, '2017-10-12 19:06:54', NULL),
(842, 8, 61, '-0.18', '01_Enero', 2017, '2017-10-12 19:06:54', NULL),
(843, 8, 62, '-0.17', '01_Enero', 2017, '2017-10-12 19:06:54', NULL),
(844, 8, 63, '-0.12', '01_Enero', 2017, '2017-10-12 19:06:54', NULL),
(845, 8, 64, '0.00', '01_Enero', 2017, '2017-10-12 19:06:54', NULL),
(846, 8, 65, '0.00', '01_Enero', 2017, '2017-10-12 19:06:54', NULL),
(847, 8, 66, '0.00', '01_Enero', 2017, '2017-10-12 19:06:54', NULL),
(848, 8, 67, '-0.16', '01_Enero', 2017, '2017-10-12 19:06:54', NULL),
(849, 8, 68, '-0.14', '01_Enero', 2017, '2017-10-12 19:06:54', NULL),
(850, 8, 69, '-0.15', '01_Enero', 2017, '2017-10-12 19:06:54', NULL),
(851, 8, 70, '-0.15', '01_Enero', 2017, '2017-10-12 19:06:54', NULL),
(852, 8, 71, '0.00', '01_Enero', 2017, '2017-10-12 19:06:54', NULL),
(853, 8, 72, '0.00', '01_Enero', 2017, '2017-10-12 19:06:54', NULL),
(854, 8, 73, '-0.16', '01_Enero', 2017, '2017-10-12 19:06:54', NULL),
(855, 8, 74, '-0.26', '01_Enero', 2017, '2017-10-12 19:06:54', NULL),
(856, 8, 75, '-0.21', '01_Enero', 2017, '2017-10-12 19:06:54', NULL),
(857, 8, 76, '-0.20', '01_Enero', 2017, '2017-10-12 19:06:54', NULL),
(858, 8, 77, '-0.14', '01_Enero', 2017, '2017-10-12 19:06:54', NULL),
(859, 8, 78, '-0.11', '01_Enero', 2017, '2017-10-12 19:06:54', NULL),
(860, 8, 79, '-0.20', '01_Enero', 2017, '2017-10-12 19:06:54', NULL),
(861, 8, 80, '-0.06', '01_Enero', 2017, '2017-10-12 19:06:54', NULL),
(862, 8, 81, '-0.11', '01_Enero', 2017, '2017-10-12 19:06:54', NULL),
(863, 8, 82, '-0.22', '01_Enero', 2017, '2017-10-12 19:06:54', NULL),
(864, 8, 83, '-0.16', '01_Enero', 2017, '2017-10-12 19:06:54', NULL),
(865, 8, 84, '-0.21', '01_Enero', 2017, '2017-10-12 19:06:54', NULL),
(866, 8, 85, '-0.23', '01_Enero', 2017, '2017-10-12 19:06:54', NULL),
(867, 8, 86, '-0.24', '01_Enero', 2017, '2017-10-12 19:06:54', NULL),
(868, 8, 87, '-0.20', '01_Enero', 2017, '2017-10-12 19:06:54', NULL),
(869, 8, 88, '-0.13', '01_Enero', 2017, '2017-10-12 19:06:54', NULL),
(870, 8, 89, '-0.26', '01_Enero', 2017, '2017-10-12 19:06:54', NULL),
(871, 8, 90, '-0.13', '01_Enero', 2017, '2017-10-12 19:06:54', NULL),
(872, 3, 1, '0.00', '01_Enero', 2017, '2017-10-12 19:06:54', NULL),
(873, 3, 2, '0.50', '01_Enero', 2017, '2017-10-12 19:06:54', NULL),
(874, 3, 3, '0.86', '01_Enero', 2017, '2017-10-12 19:06:54', NULL),
(875, 3, 4, '0.67', '01_Enero', 2017, '2017-10-12 19:06:54', NULL),
(876, 3, 5, '0.86', '01_Enero', 2017, '2017-10-12 19:06:54', NULL),
(877, 3, 6, '0.71', '01_Enero', 2017, '2017-10-12 19:06:54', NULL),
(878, 3, 7, '0.29', '01_Enero', 2017, '2017-10-12 19:06:54', NULL),
(879, 3, 8, '1.00', '01_Enero', 2017, '2017-10-12 19:06:54', NULL),
(880, 3, 9, '0.38', '01_Enero', 2017, '2017-10-12 19:06:54', NULL),
(881, 3, 10, '0.44', '01_Enero', 2017, '2017-10-12 19:06:54', NULL),
(882, 3, 11, '0.86', '01_Enero', 2017, '2017-10-12 19:06:54', NULL),
(883, 3, 12, '1.00', '01_Enero', 2017, '2017-10-12 19:06:54', NULL),
(884, 3, 13, '0.75', '01_Enero', 2017, '2017-10-12 19:06:54', NULL),
(885, 3, 14, '1.00', '01_Enero', 2017, '2017-10-12 19:06:54', NULL),
(886, 3, 15, '0.25', '01_Enero', 2017, '2017-10-12 19:06:54', NULL),
(887, 3, 16, '0.75', '01_Enero', 2017, '2017-10-12 19:06:54', NULL),
(888, 3, 17, '0.88', '01_Enero', 2017, '2017-10-12 19:06:54', NULL),
(889, 3, 18, '0.80', '01_Enero', 2017, '2017-10-12 19:06:54', NULL),
(890, 3, 19, '0.57', '01_Enero', 2017, '2017-10-12 19:06:54', NULL),
(891, 3, 20, '0.30', '01_Enero', 2017, '2017-10-12 19:06:54', NULL),
(892, 3, 21, '0.89', '01_Enero', 2017, '2017-10-12 19:06:54', NULL),
(893, 3, 22, '0.00', '01_Enero', 2017, '2017-10-12 19:06:54', NULL),
(894, 3, 23, '0.40', '01_Enero', 2017, '2017-10-12 19:06:54', NULL),
(895, 3, 24, '0.63', '01_Enero', 2017, '2017-10-12 19:06:54', NULL),
(896, 3, 25, '0.78', '01_Enero', 2017, '2017-10-12 19:06:54', NULL),
(897, 3, 26, '0.57', '01_Enero', 2017, '2017-10-12 19:06:54', NULL),
(898, 3, 27, '0.57', '01_Enero', 2017, '2017-10-12 19:06:54', NULL),
(899, 3, 28, '1.00', '01_Enero', 2017, '2017-10-12 19:06:54', NULL),
(900, 3, 29, '0.89', '01_Enero', 2017, '2017-10-12 19:06:54', NULL),
(901, 3, 30, '0.67', '01_Enero', 2017, '2017-10-12 19:06:54', NULL),
(902, 3, 31, '0.75', '01_Enero', 2017, '2017-10-12 19:06:54', NULL),
(903, 3, 32, '1.00', '01_Enero', 2017, '2017-10-12 19:06:54', NULL),
(904, 3, 33, '0.80', '01_Enero', 2017, '2017-10-12 19:06:54', NULL),
(905, 3, 34, '0.00', '01_Enero', 2017, '2017-10-12 19:06:54', NULL),
(906, 3, 35, '0.50', '01_Enero', 2017, '2017-10-12 19:06:54', NULL),
(907, 3, 36, '0.75', '01_Enero', 2017, '2017-10-12 19:06:54', NULL),
(908, 3, 37, '0.00', '01_Enero', 2017, '2017-10-12 19:06:54', NULL),
(909, 3, 38, '0.86', '01_Enero', 2017, '2017-10-12 19:06:54', NULL),
(910, 3, 39, '0.40', '01_Enero', 2017, '2017-10-12 19:06:54', NULL),
(911, 3, 40, '0.86', '01_Enero', 2017, '2017-10-12 19:06:54', NULL),
(912, 3, 41, '0.50', '01_Enero', 2017, '2017-10-12 19:06:54', NULL),
(913, 3, 42, '0.75', '01_Enero', 2017, '2017-10-12 19:06:54', NULL),
(914, 3, 43, '0.43', '01_Enero', 2017, '2017-10-12 19:06:54', NULL),
(915, 3, 44, '0.67', '01_Enero', 2017, '2017-10-12 19:06:54', NULL),
(916, 3, 45, '0.75', '01_Enero', 2017, '2017-10-12 19:06:54', NULL),
(917, 3, 46, '0.60', '01_Enero', 2017, '2017-10-12 19:06:54', NULL),
(918, 3, 47, '0.71', '01_Enero', 2017, '2017-10-12 19:06:54', NULL),
(919, 3, 48, '0.63', '01_Enero', 2017, '2017-10-12 19:06:54', NULL),
(920, 3, 49, '0.86', '01_Enero', 2017, '2017-10-12 19:06:54', NULL),
(921, 3, 50, '0.88', '01_Enero', 2017, '2017-10-12 19:06:54', NULL),
(922, 3, 51, '0.83', '01_Enero', 2017, '2017-10-12 19:06:54', NULL),
(923, 3, 52, '0.63', '01_Enero', 2017, '2017-10-12 19:06:54', NULL),
(924, 3, 53, '0.50', '01_Enero', 2017, '2017-10-12 19:06:54', NULL),
(925, 3, 54, '0.56', '01_Enero', 2017, '2017-10-12 19:06:54', NULL),
(926, 3, 55, '0.38', '01_Enero', 2017, '2017-10-12 19:06:54', NULL),
(927, 3, 56, '0.33', '01_Enero', 2017, '2017-10-12 19:06:54', NULL),
(928, 3, 57, '0.44', '01_Enero', 2017, '2017-10-12 19:06:54', NULL),
(929, 3, 58, '0.63', '01_Enero', 2017, '2017-10-12 19:06:54', NULL),
(930, 3, 59, '1.00', '01_Enero', 2017, '2017-10-12 19:06:54', NULL),
(931, 3, 60, '0.50', '01_Enero', 2017, '2017-10-12 19:06:54', NULL),
(932, 3, 61, '0.75', '01_Enero', 2017, '2017-10-12 19:06:54', NULL),
(933, 3, 62, '0.63', '01_Enero', 2017, '2017-10-12 19:06:54', NULL),
(934, 3, 63, '0.57', '01_Enero', 2017, '2017-10-12 19:06:54', NULL),
(935, 3, 64, '0.00', '01_Enero', 2017, '2017-10-12 19:06:54', NULL),
(936, 3, 65, '0.00', '01_Enero', 2017, '2017-10-12 19:06:54', NULL),
(937, 3, 66, '0.00', '01_Enero', 2017, '2017-10-12 19:06:54', NULL),
(938, 3, 67, '0.86', '01_Enero', 2017, '2017-10-12 19:06:54', NULL),
(939, 3, 68, '0.50', '01_Enero', 2017, '2017-10-12 19:06:54', NULL),
(940, 3, 69, '0.22', '01_Enero', 2017, '2017-10-12 19:06:54', NULL),
(941, 3, 70, '1.00', '01_Enero', 2017, '2017-10-12 19:06:54', NULL),
(942, 3, 71, '1.00', '01_Enero', 2017, '2017-10-12 19:06:54', NULL),
(943, 3, 72, '0.00', '01_Enero', 2017, '2017-10-12 19:06:54', NULL),
(944, 3, 73, '0.40', '01_Enero', 2017, '2017-10-12 19:06:54', NULL),
(945, 3, 74, '0.50', '01_Enero', 2017, '2017-10-12 19:06:54', NULL),
(946, 3, 75, '0.60', '01_Enero', 2017, '2017-10-12 19:06:54', NULL),
(947, 3, 76, '0.30', '01_Enero', 2017, '2017-10-12 19:06:54', NULL),
(948, 3, 77, '0.73', '01_Enero', 2017, '2017-10-12 19:06:54', NULL),
(949, 3, 78, '0.73', '01_Enero', 2017, '2017-10-12 19:06:54', NULL),
(950, 3, 79, '0.40', '01_Enero', 2017, '2017-10-12 19:06:54', NULL),
(951, 3, 80, '0.27', '01_Enero', 2017, '2017-10-12 19:06:54', NULL),
(952, 3, 81, '0.75', '01_Enero', 2017, '2017-10-12 19:06:54', NULL),
(953, 3, 82, '0.40', '01_Enero', 2017, '2017-10-12 19:06:54', NULL),
(954, 3, 83, '0.70', '01_Enero', 2017, '2017-10-12 19:06:54', NULL),
(955, 3, 84, '0.70', '01_Enero', 2017, '2017-10-12 19:06:54', NULL),
(956, 3, 85, '0.50', '01_Enero', 2017, '2017-10-12 19:06:54', NULL),
(957, 3, 86, '0.80', '01_Enero', 2017, '2017-10-12 19:06:54', NULL),
(958, 3, 87, '0.80', '01_Enero', 2017, '2017-10-12 19:06:54', NULL),
(959, 3, 88, '0.50', '01_Enero', 2017, '2017-10-12 19:06:54', NULL),
(960, 3, 89, '0.33', '01_Enero', 2017, '2017-10-12 19:06:54', NULL),
(961, 3, 90, '0.67', '01_Enero', 2017, '2017-10-12 19:06:54', NULL),
(962, 9, 1, '0.00', '01_Enero', 2017, '2017-10-12 19:06:54', NULL),
(963, 9, 2, '514.98', '01_Enero', 2017, '2017-10-12 19:06:54', NULL),
(964, 9, 3, '390.70', '01_Enero', 2017, '2017-10-12 19:06:54', NULL),
(965, 9, 4, '408.54', '01_Enero', 2017, '2017-10-12 19:06:54', NULL),
(966, 9, 5, '441.06', '01_Enero', 2017, '2017-10-12 19:06:54', NULL),
(967, 9, 6, '681.19', '01_Enero', 2017, '2017-10-12 19:06:54', NULL),
(968, 9, 7, '517.71', '01_Enero', 2017, '2017-10-12 19:06:54', NULL),
(969, 9, 8, '409.99', '01_Enero', 2017, '2017-10-12 19:06:54', NULL),
(970, 9, 9, '856.12', '01_Enero', 2017, '2017-10-12 19:06:54', NULL),
(971, 9, 10, '479.40', '01_Enero', 2017, '2017-10-12 19:06:54', NULL),
(972, 9, 11, '583.72', '01_Enero', 2017, '2017-10-12 19:06:54', NULL),
(973, 9, 12, '448.02', '01_Enero', 2017, '2017-10-12 19:06:54', NULL),
(974, 9, 13, '646.68', '01_Enero', 2017, '2017-10-12 19:06:54', NULL),
(975, 9, 14, '372.11', '01_Enero', 2017, '2017-10-12 19:06:54', NULL),
(976, 9, 15, '534.94', '01_Enero', 2017, '2017-10-12 19:06:54', NULL),
(977, 9, 16, '469.96', '01_Enero', 2017, '2017-10-12 19:06:54', NULL),
(978, 9, 17, '415.57', '01_Enero', 2017, '2017-10-12 19:06:54', NULL),
(979, 9, 18, '561.69', '01_Enero', 2017, '2017-10-12 19:06:54', NULL),
(980, 9, 19, '474.65', '01_Enero', 2017, '2017-10-12 19:06:54', NULL),
(981, 9, 20, '427.64', '01_Enero', 2017, '2017-10-12 19:06:54', NULL),
(982, 9, 21, '443.83', '01_Enero', 2017, '2017-10-12 19:06:54', NULL),
(983, 9, 22, '0.00', '01_Enero', 2017, '2017-10-12 19:06:54', NULL),
(984, 9, 23, '554.70', '01_Enero', 2017, '2017-10-12 19:06:54', NULL),
(985, 9, 24, '711.38', '01_Enero', 2017, '2017-10-12 19:06:54', NULL),
(986, 9, 25, '400.58', '01_Enero', 2017, '2017-10-12 19:06:54', NULL),
(987, 9, 26, '481.42', '01_Enero', 2017, '2017-10-12 19:06:54', NULL),
(988, 9, 27, '484.85', '01_Enero', 2017, '2017-10-12 19:06:54', NULL),
(989, 9, 28, '540.94', '01_Enero', 2017, '2017-10-12 19:06:54', NULL),
(990, 9, 29, '526.97', '01_Enero', 2017, '2017-10-12 19:06:54', NULL),
(991, 9, 30, '477.87', '01_Enero', 2017, '2017-10-12 19:06:54', NULL),
(992, 9, 31, '411.75', '01_Enero', 2017, '2017-10-12 19:06:54', NULL),
(993, 9, 32, '433.38', '01_Enero', 2017, '2017-10-12 19:06:54', NULL),
(994, 9, 33, '434.20', '01_Enero', 2017, '2017-10-12 19:06:54', NULL),
(995, 9, 34, '501.54', '01_Enero', 2017, '2017-10-12 19:06:54', NULL),
(996, 9, 35, '391.61', '01_Enero', 2017, '2017-10-12 19:06:54', NULL),
(997, 9, 36, '504.22', '01_Enero', 2017, '2017-10-12 19:06:54', NULL),
(998, 9, 37, '0.00', '01_Enero', 2017, '2017-10-12 19:06:54', NULL),
(999, 9, 38, '380.68', '01_Enero', 2017, '2017-10-12 19:06:54', NULL),
(1000, 9, 39, '584.97', '01_Enero', 2017, '2017-10-12 19:06:54', NULL),
(1001, 9, 40, '568.67', '01_Enero', 2017, '2017-10-12 19:06:54', NULL),
(1002, 9, 41, '371.22', '01_Enero', 2017, '2017-10-12 19:06:54', NULL),
(1003, 9, 42, '431.99', '01_Enero', 2017, '2017-10-12 19:06:54', NULL),
(1004, 9, 43, '615.63', '01_Enero', 2017, '2017-10-12 19:06:54', NULL),
(1005, 9, 44, '473.55', '01_Enero', 2017, '2017-10-12 19:06:54', NULL),
(1006, 9, 45, '482.72', '01_Enero', 2017, '2017-10-12 19:06:54', NULL),
(1007, 9, 46, '438.96', '01_Enero', 2017, '2017-10-12 19:06:54', NULL),
(1008, 9, 47, '619.82', '01_Enero', 2017, '2017-10-12 19:06:54', NULL),
(1009, 9, 48, '519.92', '01_Enero', 2017, '2017-10-12 19:06:54', NULL),
(1010, 9, 49, '496.52', '01_Enero', 2017, '2017-10-12 19:06:54', NULL),
(1011, 9, 50, '549.49', '01_Enero', 2017, '2017-10-12 19:06:54', NULL),
(1012, 9, 51, '462.75', '01_Enero', 2017, '2017-10-12 19:06:54', NULL),
(1013, 9, 52, '724.72', '01_Enero', 2017, '2017-10-12 19:06:54', NULL),
(1014, 9, 53, '522.89', '01_Enero', 2017, '2017-10-12 19:06:54', NULL),
(1015, 9, 54, '558.36', '01_Enero', 2017, '2017-10-12 19:06:54', NULL),
(1016, 9, 55, '566.14', '01_Enero', 2017, '2017-10-12 19:06:54', NULL),
(1017, 9, 56, '559.74', '01_Enero', 2017, '2017-10-12 19:06:54', NULL),
(1018, 9, 57, '564.04', '01_Enero', 2017, '2017-10-12 19:06:54', NULL),
(1019, 9, 58, '541.87', '01_Enero', 2017, '2017-10-12 19:06:54', NULL),
(1020, 9, 59, '594.63', '01_Enero', 2017, '2017-10-12 19:06:54', NULL),
(1021, 9, 60, '546.49', '01_Enero', 2017, '2017-10-12 19:06:54', NULL),
(1022, 9, 61, '457.90', '01_Enero', 2017, '2017-10-12 19:06:54', NULL),
(1023, 9, 62, '554.33', '01_Enero', 2017, '2017-10-12 19:06:54', NULL),
(1024, 9, 63, '564.03', '01_Enero', 2017, '2017-10-12 19:06:54', NULL),
(1025, 9, 64, '0.00', '01_Enero', 2017, '2017-10-12 19:06:54', NULL),
(1026, 9, 65, '0.00', '01_Enero', 2017, '2017-10-12 19:06:54', NULL),
(1027, 9, 66, '0.00', '01_Enero', 2017, '2017-10-12 19:06:54', NULL),
(1028, 9, 67, '452.02', '01_Enero', 2017, '2017-10-12 19:06:54', NULL),
(1029, 9, 68, '637.69', '01_Enero', 2017, '2017-10-12 19:06:54', NULL),
(1030, 9, 69, '486.96', '01_Enero', 2017, '2017-10-12 19:06:54', NULL),
(1031, 9, 70, '503.35', '01_Enero', 2017, '2017-10-12 19:06:54', NULL),
(1032, 9, 71, '0.00', '01_Enero', 2017, '2017-10-12 19:06:54', NULL),
(1033, 9, 72, '0.00', '01_Enero', 2017, '2017-10-12 19:06:54', NULL),
(1034, 9, 73, '617.62', '01_Enero', 2017, '2017-10-12 19:06:54', NULL),
(1035, 9, 74, '617.98', '01_Enero', 2017, '2017-10-12 19:06:54', NULL),
(1036, 9, 75, '536.81', '01_Enero', 2017, '2017-10-12 19:06:54', NULL),
(1037, 9, 76, '471.60', '01_Enero', 2017, '2017-10-12 19:06:54', NULL),
(1038, 9, 77, '632.91', '01_Enero', 2017, '2017-10-12 19:06:54', NULL),
(1039, 9, 78, '571.56', '01_Enero', 2017, '2017-10-12 19:06:54', NULL),
(1040, 9, 79, '561.56', '01_Enero', 2017, '2017-10-12 19:06:54', NULL),
(1041, 9, 80, '670.47', '01_Enero', 2017, '2017-10-12 19:06:54', NULL),
(1042, 9, 81, '616.04', '01_Enero', 2017, '2017-10-12 19:06:54', NULL),
(1043, 9, 82, '672.42', '01_Enero', 2017, '2017-10-12 19:06:54', NULL),
(1044, 9, 83, '590.45', '01_Enero', 2017, '2017-10-12 19:06:54', NULL),
(1045, 9, 84, '581.17', '01_Enero', 2017, '2017-10-12 19:06:54', NULL),
(1046, 9, 85, '552.77', '01_Enero', 2017, '2017-10-12 19:06:54', NULL),
(1047, 9, 86, '513.49', '01_Enero', 2017, '2017-10-12 19:06:54', NULL),
(1048, 9, 87, '621.28', '01_Enero', 2017, '2017-10-12 19:06:54', NULL),
(1049, 9, 88, '602.79', '01_Enero', 2017, '2017-10-12 19:06:54', NULL),
(1050, 9, 89, '536.68', '01_Enero', 2017, '2017-10-12 19:06:54', NULL),
(1051, 9, 90, '385.59', '01_Enero', 2017, '2017-10-12 19:06:54', NULL);

-- --------------------------------------------------------

--
-- Table structure for table `subarea`
--

CREATE TABLE `subarea` (
  `idsubarea` int(11) NOT NULL,
  `idarea` int(11) NOT NULL,
  `nombre` varchar(45) NOT NULL,
  `timestamp` timestamp NOT NULL DEFAULT CURRENT_TIMESTAMP ON UPDATE CURRENT_TIMESTAMP
) ENGINE=InnoDB DEFAULT CHARSET=utf8;

--
-- Dumping data for table `subarea`
--

INSERT INTO `subarea` (`idsubarea`, `idarea`, `nombre`, `timestamp`) VALUES
(9, 17, 'RRHH', '2017-10-12 19:13:15'),
(10, 18, 'Marketing', '2017-10-12 19:13:15'),
(11, 19, 'Servicio al Cliente', '2017-10-12 19:13:15'),
(12, 20, 'Ventas', '2017-10-12 19:13:15'),
(13, 21, 'Contabilidad', '2017-10-12 19:13:15'),
(14, 22, 'Distribucion', '2017-10-12 19:13:15'),
(15, 23, 'Investigacion', '2017-10-12 19:13:15'),
(16, 23, 'Desarrollo', '2017-10-12 19:13:15'),
(17, 24, 'Administracion', '2017-10-12 19:13:15'),
(18, 25, 'Produccion', '2017-10-12 19:13:15'),
(19, 26, 'Operaciones', '2017-10-12 19:13:15'),
(20, 27, 'Compras', '2017-10-12 19:13:15'),
(21, 28, 'Departamento Legal', '2017-10-12 19:13:15'),
(23, 33, 'modelo pepito sanches', '2017-10-12 19:13:15'),
(25, 34, 'prueba-grave-as', '2017-10-12 19:13:15'),
(31, 18, 'pruebas1', '2017-10-12 19:13:15'),
(32, 18, 'pruebas2', '2017-10-12 19:13:15'),
(34, 21, 'pruebass1', '2017-10-12 19:13:15'),
(35, 21, 'Contabilidad-pepito', '2017-10-12 19:13:15'),
(36, 18, 'Marketing-juanito', '2017-10-12 19:13:15'),
(37, 21, 'pruebass2', '2017-10-12 19:13:15');

--
-- Indexes for dumped tables
--

--
-- Indexes for table `area`
--
ALTER TABLE `area`
  ADD PRIMARY KEY (`idarea`),
  ADD UNIQUE KEY `nombre_UNIQUE` (`nombre`);

--
-- Indexes for table `kpi`
--
ALTER TABLE `kpi`
  ADD PRIMARY KEY (`idkpi`),
  ADD UNIQUE KEY `nombre` (`nombre`);

--
-- Indexes for table `modelo`
--
ALTER TABLE `modelo`
  ADD PRIMARY KEY (`idmodelo`),
  ADD UNIQUE KEY `mes_modelo` (`mes_modelo`),
  ADD KEY `fk_area_modelo_idx` (`idarea`),
  ADD KEY `fk_subarea_modelo_idx` (`idsubarea`);

--
-- Indexes for table `objetivos`
--
ALTER TABLE `objetivos`
  ADD PRIMARY KEY (`idobjetivos`),
  ADD KEY `fk_modelo_objetivo_idx` (`idmodelo`),
  ADD KEY `fk_kpi_objetivo_idx` (`idkpi`);

--
-- Indexes for table `persona`
--
ALTER TABLE `persona`
  ADD PRIMARY KEY (`idpersona`),
  ADD UNIQUE KEY `documento` (`documento`),
  ADD KEY `fk_area_trabajador` (`idarea`),
  ADD KEY `fk_subarea_trabajador` (`idsubarea`);

--
-- Indexes for table `resultados`
--
ALTER TABLE `resultados`
  ADD PRIMARY KEY (`idresultados`),
  ADD KEY `fk_kpi_resultados_idx` (`idkpi`),
  ADD KEY `fk_persona_resultados_idx` (`idpersona`);

--
-- Indexes for table `subarea`
--
ALTER TABLE `subarea`
  ADD PRIMARY KEY (`idsubarea`),
  ADD UNIQUE KEY `nombre_2` (`nombre`),
  ADD KEY `fk_area_subarea_idx` (`idarea`),
  ADD KEY `nombre` (`nombre`);

--
-- AUTO_INCREMENT for dumped tables
--

--
-- AUTO_INCREMENT for table `area`
--
ALTER TABLE `area`
  MODIFY `idarea` int(11) NOT NULL AUTO_INCREMENT, AUTO_INCREMENT=35;
--
-- AUTO_INCREMENT for table `kpi`
--
ALTER TABLE `kpi`
  MODIFY `idkpi` int(11) NOT NULL AUTO_INCREMENT, AUTO_INCREMENT=17;
--
-- AUTO_INCREMENT for table `modelo`
--
ALTER TABLE `modelo`
  MODIFY `idmodelo` int(11) NOT NULL AUTO_INCREMENT, AUTO_INCREMENT=35;
--
-- AUTO_INCREMENT for table `objetivos`
--
ALTER TABLE `objetivos`
  MODIFY `idobjetivos` int(11) NOT NULL AUTO_INCREMENT, AUTO_INCREMENT=131;
--
-- AUTO_INCREMENT for table `persona`
--
ALTER TABLE `persona`
  MODIFY `idpersona` int(11) NOT NULL AUTO_INCREMENT, AUTO_INCREMENT=279;
--
-- AUTO_INCREMENT for table `resultados`
--
ALTER TABLE `resultados`
  MODIFY `idresultados` int(11) NOT NULL AUTO_INCREMENT, AUTO_INCREMENT=1535;
--
-- AUTO_INCREMENT for table `subarea`
--
ALTER TABLE `subarea`
  MODIFY `idsubarea` int(11) NOT NULL AUTO_INCREMENT, AUTO_INCREMENT=38;
--
-- Constraints for dumped tables
--

--
-- Constraints for table `modelo`
--
ALTER TABLE `modelo`
  ADD CONSTRAINT `fk_area_modelo` FOREIGN KEY (`idarea`) REFERENCES `area` (`idarea`) ON DELETE CASCADE ON UPDATE CASCADE,
  ADD CONSTRAINT `fk_subarea_modelo` FOREIGN KEY (`idsubarea`) REFERENCES `subarea` (`idsubarea`) ON DELETE CASCADE ON UPDATE CASCADE;

--
-- Constraints for table `objetivos`
--
ALTER TABLE `objetivos`
  ADD CONSTRAINT `fk_kpi_objetivo` FOREIGN KEY (`idkpi`) REFERENCES `kpi` (`idkpi`) ON DELETE CASCADE ON UPDATE CASCADE,
  ADD CONSTRAINT `fk_modelo_objetivo` FOREIGN KEY (`idmodelo`) REFERENCES `modelo` (`idmodelo`) ON DELETE CASCADE ON UPDATE CASCADE;

--
-- Constraints for table `persona`
--
ALTER TABLE `persona`
  ADD CONSTRAINT `fk_area_trabajador` FOREIGN KEY (`idarea`) REFERENCES `area` (`idarea`),
  ADD CONSTRAINT `fk_subarea_trabajador` FOREIGN KEY (`idsubarea`) REFERENCES `subarea` (`idsubarea`);

--
-- Constraints for table `resultados`
--
ALTER TABLE `resultados`
  ADD CONSTRAINT `fk_kpi_resultados` FOREIGN KEY (`idkpi`) REFERENCES `kpi` (`idkpi`) ON DELETE CASCADE ON UPDATE CASCADE,
  ADD CONSTRAINT `fk_persona_resultados` FOREIGN KEY (`idpersona`) REFERENCES `persona` (`idpersona`) ON DELETE CASCADE ON UPDATE CASCADE;

--
-- Constraints for table `subarea`
--
ALTER TABLE `subarea`
  ADD CONSTRAINT `fk_area_subarea` FOREIGN KEY (`idarea`) REFERENCES `area` (`idarea`) ON DELETE CASCADE ON UPDATE CASCADE;
COMMIT;

/*!40101 SET CHARACTER_SET_CLIENT=@OLD_CHARACTER_SET_CLIENT */;
/*!40101 SET CHARACTER_SET_RESULTS=@OLD_CHARACTER_SET_RESULTS */;
/*!40101 SET COLLATION_CONNECTION=@OLD_COLLATION_CONNECTION */;
