-- phpMyAdmin SQL Dump
-- version 4.7.0
-- https://www.phpmyadmin.net/
--
-- Host: 127.0.0.1
-- Generation Time: Oct 09, 2017 at 04:49 PM
-- Server version: 10.1.25-MariaDB
-- PHP Version: 7.1.7

SET SQL_MODE = "NO_AUTO_VALUE_ON_ZERO";
SET AUTOCOMMIT = 0;
START TRANSACTION;
SET time_zone = "+00:00";


/*!40101 SET @OLD_CHARACTER_SET_CLIENT=@@CHARACTER_SET_CLIENT */;
/*!40101 SET @OLD_CHARACTER_SET_RESULTS=@@CHARACTER_SET_RESULTS */;
/*!40101 SET @OLD_COLLATION_CONNECTION=@@COLLATION_CONNECTION */;
/*!40101 SET NAMES utf8mb4 */;

--
-- Database: `db_stymuli`
--

-- --------------------------------------------------------

--
-- Table structure for table `area`
--

CREATE TABLE `area` (
  `idarea` int(11) NOT NULL,
  `nombre` varchar(45) NOT NULL
) ENGINE=InnoDB DEFAULT CHARSET=utf8;

--
-- Dumping data for table `area`
--

INSERT INTO `area` (`idarea`, `nombre`) VALUES
(24, 'Administracion'),
(27, 'Compras'),
(21, 'Contabilidad'),
(28, 'Departamento Legal'),
(22, 'Distribucion'),
(18, 'Marketing'),
(26, 'Operaciones'),
(25, 'Produccion'),
(34, 'prueba-grave_as'),
(33, 'PRUEBAEJEMPLO'),
(17, 'RRHH'),
(19, 'Servicio al Cliente'),
(23, 'Tecnologia'),
(20, 'Ventas');

-- --------------------------------------------------------

--
-- Table structure for table `kpi`
--

CREATE TABLE `kpi` (
  `idkpi` int(11) NOT NULL,
  `nombre` varchar(25) NOT NULL,
  `descripcion` varchar(255) DEFAULT NULL
) ENGINE=InnoDB DEFAULT CHARSET=utf8;

--
-- Dumping data for table `kpi`
--

INSERT INTO `kpi` (`idkpi`, `nombre`, `descripcion`) VALUES
(1, 'Ventas', 'Ventas realizadas en el mes'),
(2, 'Asistencias', 'Asistencias realizadas en el mes'),
(3, 'Calidad', 'Calidad Obtenida en el mes'),
(5, 'Ausencias', 'numero de ausencias injustificadas en el mes'),
(6, 'Adherencia', '% de tiempo efectivo en horas laborales'),
(7, 'Productividad', '%  tiempo productivo'),
(8, 'Insatisfaccion', '% insatisfaccion de los clientes'),
(9, 'Tiempo Medio', 'tiempo medio de trabajo'),
(10, 'Numero de errores', 'cantidad de errores'),
(11, '% Alineacion', 'alineacion'),
(12, '% Entrega', 'wentrega'),
(14, 'sanciones', 'asdsa'),
(16, 'mejor-kpi-pruebas', 'as');

-- --------------------------------------------------------

--
-- Table structure for table `modelo`
--

CREATE TABLE `modelo` (
  `idmodelo` int(11) NOT NULL,
  `idarea` int(11) NOT NULL,
  `idsubarea` int(11) DEFAULT NULL,
  `tipo_estimulo` varchar(45) NOT NULL,
  `estimulo` decimal(20,2) NOT NULL,
  `descripcion` varchar(255) DEFAULT NULL,
  `mes_modelo` varchar(45) NOT NULL
) ENGINE=InnoDB DEFAULT CHARSET=utf8;

--
-- Dumping data for table `modelo`
--

INSERT INTO `modelo` (`idmodelo`, `idarea`, `idsubarea`, `tipo_estimulo`, `estimulo`, `descripcion`, `mes_modelo`) VALUES
(1, 22, 14, 'Bono', '50000.00', '', '20161214'),
(2, 17, 9, 'Salario', '25.00', 'Calidad emitida', '2016129'),
(4, 27, 20, 'Compras_Insatisfaccion', '25.00', '', '20161220'),
(5, 24, 17, 'Salario', '25.00', '121', '20161217'),
(6, 18, 10, 'Salario', '25.00', 'Bonificación area de Marqueting', '20161210'),
(9, 19, 11, 'Salario', '10.00', 'sdfasdfsdf', '20161211'),
(10, 21, 13, 'Bono', '500000.00', '', '20161213'),
(11, 23, 15, 'Bono', '500000.00', '', '20161215'),
(12, 20, 12, 'Ventas_Ventas', '25.00', '', '20161212'),
(13, 34, 25, 'prueba-grave-as_mejor-kpi-pruebas', '50.00', '', '20161225'),
(14, 34, 25, 'Bono', '5000.00', '', '20171025'),
(16, 20, 12, 'Bono', '2.00', '', '20170912'),
(17, 27, 20, 'Compras_Insatisfaccion', '25.00', '', '20170120'),
(19, 18, 10, 'Salario', '25.00', '', '20170110'),
(20, 21, 13, 'Bono', '500000.00', '', '20170113'),
(22, 20, 12, 'Ventas_Ventas', '25.00', '', '20170112'),
(23, 18, 10, 'Salario', '25.00', '', '20170210'),
(24, 20, 12, 'Ventas_Ventas', '25.00', '', '20170212'),
(25, 27, 20, 'Compras_Insatisfaccion', '25.00', '', '20170220'),
(26, 21, 13, 'Bono', '500000.00', '', '20170213'),
(27, 20, 12, 'Ventas_Ventas', '25.00', '', '20170312'),
(28, 18, 10, 'Salario', '25.00', '', '20170310'),
(29, 21, 13, 'Bono', '500000.00', '', '20170313'),
(30, 27, 20, 'Compras_Insatisfaccion', '25.00', '', '20170320'),
(32, 18, 10, 'Salario', '25.00', '', '20171010'),
(33, 33, 23, 'modelo pepito sanches_% Entrega', '100.00', '', '20170923'),
(34, 33, 23, 'modelo pepito sanches_% Entrega', '100.00', '', '20171123');

-- --------------------------------------------------------

--
-- Table structure for table `objetivos`
--

CREATE TABLE `objetivos` (
  `idobjetivos` int(11) NOT NULL,
  `idmodelo` int(11) NOT NULL,
  `idkpi` int(11) NOT NULL,
  `comparacion` varchar(45) NOT NULL,
  `valor_objetivo` decimal(20,2) NOT NULL,
  `tipo_objetivo` varchar(45) NOT NULL,
  `valor_ponderado` decimal(10,2) DEFAULT NULL
) ENGINE=InnoDB DEFAULT CHARSET=utf8;

--
-- Dumping data for table `objetivos`
--

INSERT INTO `objetivos` (`idobjetivos`, `idmodelo`, `idkpi`, `comparacion`, `valor_objetivo`, `tipo_objetivo`, `valor_ponderado`) VALUES
(1, 2, 3, 'Mayor/Igual', '0.90', 'Ponderado', '100.00'),
(3, 1, 2, 'Mayor/Igual', '30.00', 'Habilitador', '100.00'),
(4, 1, 1, 'Mayor/Igual', '400000.00', 'Ponderado', '0.00'),
(5, 1, 3, 'Mayor/Igual', '1.30', 'Ponderado', '0.00'),
(6, 4, 2, 'Mayor/Igual', '2.00', 'Ponderado', '50.00'),
(7, 4, 3, 'Mayor/Igual', '0.50', 'Ponderado', '50.00'),
(8, 5, 2, 'Igual', '0.00', 'Ponderado', '30.00'),
(9, 6, 5, 'Igual', '0.00', 'Habilitador', '100.00'),
(10, 6, 6, 'Mayor/Igual', '0.93', 'Habilitador', '100.00'),
(11, 6, 7, 'Mayor/Igual', '0.32', 'Habilitador', '100.00'),
(12, 6, 8, 'Mayor/Igual', '-0.13', 'Ponderado', '70.00'),
(13, 6, 3, 'Mayor/Igual', '0.90', 'Ponderado', '20.00'),
(14, 6, 9, 'Menor/Igual', '419.00', 'Ponderado', '10.00'),
(18, 5, 7, 'Menor/Igual', '80.00', 'Ponderado', '40.00'),
(22, 5, 1, 'Mayor/Igual', '1000.00', 'Habilitador', '100.00'),
(23, 9, 7, 'Menor/Igual', '10.00', 'Ponderado', '20.00'),
(24, 9, 9, 'Igual', '100.00', 'Ponderado', '50.00'),
(25, 9, 3, 'Igual', '0.95', 'Ponderado', '40.00'),
(26, 9, 2, 'Igual', '0.00', 'Habilitador', '100.00'),
(27, 10, 10, 'Menor/Igual', '2.00', 'Ponderado', '50.00'),
(28, 10, 11, 'Mayor/Igual', '0.90', 'Ponderado', '20.00'),
(29, 10, 12, 'Mayor/Igual', '0.95', 'Ponderado', '30.00'),
(30, 11, 5, 'Igual', '0.00', 'Habilitador', '100.00'),
(31, 11, 3, 'Mayor/Igual', '0.90', 'Ponderado', '50.00'),
(33, 11, 7, 'Mayor/Igual', '0.80', 'Ponderado', '50.00'),
(34, 5, 3, 'Mayor/Igual', '30.00', 'Ponderado', '30.00'),
(35, 12, 1, 'Mayor/Igual', '50000.00', 'Ponderado', '30.00'),
(36, 12, 8, 'Mayor/Igual', '1.00', 'Ponderado', '20.00'),
(37, 12, 10, 'Mayor/Igual', '4.00', 'Ponderado', '20.00'),
(38, 12, 12, 'Mayor/Igual', '1.00', 'Ponderado', '30.00'),
(39, 4, 8, 'Mayor/Igual', '20.00', 'Ponderado', '10.00'),
(40, 13, 6, 'Mayor/Igual', '82000.00', 'Ponderado', '50.00'),
(41, 13, 7, 'Menor/Igual', '2.00', 'Ponderado', '20.00'),
(42, 13, 5, 'Menor/Igual', '2.00', 'Ponderado', '30.00'),
(43, 13, 16, 'Mayor/Igual', '1000000.00', 'Ponderado', '50.00'),
(44, 14, 6, 'Mayor/Igual', '82000.00', 'Ponderado', '50.00'),
(45, 14, 7, 'Menor/Igual', '2.00', 'Ponderado', '20.00'),
(46, 14, 5, 'Menor/Igual', '2.00', 'Ponderado', '30.00'),
(47, 14, 16, 'Mayor/Igual', '1000000.00', 'Ponderado', '50.00'),
(58, 17, 2, 'Mayor/Igual', '2.00', 'Ponderado', '50.00'),
(59, 17, 3, 'Mayor/Igual', '0.50', 'Ponderado', '50.00'),
(60, 17, 8, 'Mayor/Igual', '20.00', 'Ponderado', '10.00'),
(61, 19, 5, 'Igual', '0.00', 'Habilitador', '100.00'),
(62, 19, 6, 'Mayor/Igual', '0.93', 'Habilitador', '100.00'),
(63, 19, 7, 'Mayor/Igual', '0.32', 'Habilitador', '100.00'),
(64, 19, 8, 'Mayor/Igual', '-0.13', 'Ponderado', '70.00'),
(65, 19, 3, 'Mayor/Igual', '0.90', 'Ponderado', '20.00'),
(66, 19, 9, 'Menor/Igual', '419.00', 'Ponderado', '10.00'),
(68, 20, 10, 'Menor/Igual', '2.00', 'Ponderado', '50.00'),
(69, 20, 11, 'Mayor/Igual', '0.90', 'Ponderado', '20.00'),
(70, 20, 12, 'Mayor/Igual', '0.95', 'Ponderado', '30.00'),
(78, 23, 5, 'Igual', '0.00', 'Habilitador', '100.00'),
(79, 23, 6, 'Mayor/Igual', '0.93', 'Habilitador', '100.00'),
(80, 23, 7, 'Mayor/Igual', '0.32', 'Habilitador', '100.00'),
(81, 23, 8, 'Mayor/Igual', '-0.13', 'Ponderado', '70.00'),
(82, 23, 3, 'Mayor/Igual', '0.90', 'Ponderado', '20.00'),
(83, 23, 9, 'Menor/Igual', '419.00', 'Ponderado', '10.00'),
(85, 25, 2, 'Mayor/Igual', '2.00', 'Ponderado', '50.00'),
(86, 25, 3, 'Mayor/Igual', '0.50', 'Ponderado', '50.00'),
(87, 25, 8, 'Mayor/Igual', '20.00', 'Ponderado', '10.00'),
(88, 26, 10, 'Menor/Igual', '2.00', 'Ponderado', '50.00'),
(89, 26, 11, 'Mayor/Igual', '0.90', 'Ponderado', '20.00'),
(90, 26, 12, 'Mayor/Igual', '0.95', 'Ponderado', '30.00'),
(91, 22, 1, 'Mayor/Igual', '50000.00', 'Ponderado', '30.00'),
(92, 22, 8, 'Mayor/Igual', '1.00', 'Ponderado', '20.00'),
(93, 22, 10, 'Mayor/Igual', '4.00', 'Ponderado', '20.00'),
(94, 22, 12, 'Mayor/Igual', '1.00', 'Ponderado', '30.00'),
(98, 24, 1, 'Mayor/Igual', '50000.00', 'Ponderado', '30.00'),
(99, 24, 8, 'Mayor/Igual', '1.00', 'Ponderado', '20.00'),
(100, 24, 10, 'Mayor/Igual', '4.00', 'Ponderado', '20.00'),
(101, 24, 12, 'Mayor/Igual', '1.00', 'Ponderado', '30.00'),
(105, 27, 1, 'Mayor/Igual', '50000.00', 'Ponderado', '30.00'),
(106, 27, 8, 'Mayor/Igual', '1.00', 'Ponderado', '20.00'),
(107, 27, 10, 'Mayor/Igual', '4.00', 'Ponderado', '20.00'),
(108, 27, 12, 'Mayor/Igual', '1.00', 'Ponderado', '30.00'),
(112, 28, 5, 'Igual', '0.00', 'Habilitador', '100.00'),
(113, 28, 6, 'Mayor/Igual', '0.93', 'Habilitador', '100.00'),
(114, 28, 7, 'Mayor/Igual', '0.32', 'Habilitador', '100.00'),
(115, 28, 8, 'Mayor/Igual', '-0.13', 'Ponderado', '70.00'),
(116, 28, 3, 'Mayor/Igual', '0.90', 'Ponderado', '20.00'),
(117, 28, 9, 'Menor/Igual', '419.00', 'Ponderado', '10.00'),
(119, 29, 10, 'Menor/Igual', '2.00', 'Ponderado', '50.00'),
(120, 29, 11, 'Mayor/Igual', '0.90', 'Ponderado', '20.00'),
(121, 29, 12, 'Mayor/Igual', '0.95', 'Ponderado', '30.00'),
(122, 30, 2, 'Mayor/Igual', '2.00', 'Ponderado', '50.00'),
(123, 30, 3, 'Mayor/Igual', '0.50', 'Ponderado', '50.00'),
(124, 30, 8, 'Mayor/Igual', '20.00', 'Ponderado', '10.00'),
(125, 33, 12, 'Mayor/Igual', '100000.00', 'Ponderado', '30.00'),
(126, 33, 3, 'Mayor/Igual', '20.00', 'Ponderado', '40.00'),
(127, 33, 10, 'Mayor/Igual', '30.00', 'Ponderado', '30.00'),
(128, 34, 12, 'Mayor/Igual', '100000.00', 'Ponderado', '30.00'),
(129, 34, 3, 'Mayor/Igual', '20.00', 'Ponderado', '40.00'),
(130, 34, 10, 'Mayor/Igual', '30.00', 'Ponderado', '30.00');

-- --------------------------------------------------------

--
-- Table structure for table `persona`
--

CREATE TABLE `persona` (
  `idpersona` int(11) NOT NULL,
  `nombre` varchar(45) NOT NULL,
  `apaterno` varchar(45) NOT NULL,
  `amaterno` varchar(45) NOT NULL,
  `tipo_documento` varchar(25) NOT NULL,
  `documento` varchar(45) NOT NULL,
  `email` varchar(45) DEFAULT NULL,
  `tel` varchar(45) DEFAULT NULL,
  `idarea` int(11) NOT NULL,
  `idsubarea` int(11) DEFAULT NULL,
  `cargo` varchar(45) DEFAULT NULL,
  `salario` decimal(10,2) NOT NULL,
  `acceso` varchar(45) NOT NULL,
  `password` varchar(255) DEFAULT NULL,
  `estado` varchar(45) NOT NULL
) ENGINE=InnoDB DEFAULT CHARSET=utf8;

--
-- Dumping data for table `persona`
--

INSERT INTO `persona` (`idpersona`, `nombre`, `apaterno`, `amaterno`, `tipo_documento`, `documento`, `email`, `tel`, `idarea`, `idsubarea`, `cargo`, `salario`, `acceso`, `password`, `estado`) VALUES
(1, '﻿Yury Alejandra Ramirez Castaño', '', '', 'Cedula de Ciudadania', '1053839247', '', '', 18, 10, '', '619129.00', 'Trabajador', '$2a$12$RTHBAXnNQr34tj/xorx67.nHE85RIzR/02rkRRtNOapjnf46aDe4O', 'Activo\r'),
(2, 'Yuliana Andrea Pérez Díaz', '', '', 'Cedula de Ciudadania', '24339478', '', '', 18, 10, '', '913294.00', 'Trabajador', NULL, 'Activo\r'),
(3, 'Yesica Alejandra Arias Ramirez', '', '', 'Cedula de Ciudadania', '1002645215', '', '', 18, 10, '', '825506.00', 'Trabajador', NULL, 'Activo\r'),
(4, 'Yesenia Mejia Sanchez', '', '', 'Cedula de Ciudadania', '1060590308', '', '', 18, 10, '', '913294.00', 'Trabajador', NULL, 'Activo\r'),
(5, 'Yeimi Lorena Restrepo Aguirre', '', '', 'Cedula de Ciudadania', '1053802973', '', '', 18, 10, '', '737717.00', 'Trabajador', NULL, 'Activo\r'),
(6, 'Sebastian Soto Valencia', '', '', 'Cedula de Ciudadania', '1053845999', '', '', 18, 10, '', '684971.00', 'Trabajador', NULL, 'Activo\r'),
(7, 'Santiago Castañeda', '', '', 'Cedula de Ciudadania', '1053835978', '', '', 18, 10, '', '737717.00', 'Trabajador', NULL, 'Activo\r'),
(8, 'Paola Alejandra Gomez Gallego', '', '', 'Cedula de Ciudadania', '1053773495', '', '', 18, 10, '', '913294.00', 'Trabajador', NULL, 'Activo\r'),
(9, 'Olvedis Castaño  Zuluaga', '', '', 'Cedula de Ciudadania', '75073171', '', '', 18, 10, '', '913294.00', 'Trabajador', NULL, 'Activo\r'),
(10, 'Monica Villa Betancur', '', '', 'Cedula de Ciudadania', '30329007', '', '', 18, 10, '', '913294.00', 'Trabajador', '$2a$12$fs6wpk5dLjYf3rE/oHLdoexrJ6foUCE4WIOsffzni4xuwCvhyS.z2', 'Activo\r'),
(11, 'Mario Alisder Naranjo Ospina', '', '', 'Cedula de Ciudadania', '75097225', '', '', 18, 10, '', '913294.00', 'Trabajador', NULL, 'Activo\r'),
(12, 'María Deyanira Isaza Buitrago', '', '', 'Cedula de Ciudadania', '1004670353', '', '', 18, 10, '', '737717.00', 'Trabajador', NULL, 'Activo\r'),
(13, 'Luisa Fernanda Valencia Garcia', '', '', 'Cedula de Ciudadania', '1055833157', '', '', 18, 10, '', '737717.00', 'Trabajador', NULL, 'Activo\r'),
(14, 'Luisa Fernanda Osorio Aguirre', '', '', 'Cedula de Ciudadania', '1053846683', '', '', 18, 10, '', '684971.00', 'Trabajador', NULL, 'Activo\r'),
(15, 'Luisa Fernanda Lopez Pérez', '', '', 'Cedula de Ciudadania', '24780501', '', '', 18, 10, '', '737717.00', 'Trabajador', NULL, 'Activo\r'),
(16, 'Jiovanny Andres Osorio Rincon', '', '', 'Cedula de Ciudadania', '75103470', '', '', 18, 10, '', '913294.00', 'Trabajador', NULL, 'Activo\r'),
(17, 'Jhon Alexander Nieto Castaño', '', '', 'Cedula de Ciudadania', '1053845963', '', '', 18, 10, '', '737717.00', 'Trabajador', NULL, 'Activo\r'),
(18, 'Yesenia Alejandra Martinez Jaramillo', '', '', 'Cedula de Ciudadania', '1053834332', '', '', 18, 10, '', '619129.00', 'Trabajador', NULL, 'Activo\r'),
(19, 'Jazmin Andrea Cerquera Ramirez', '', '', 'Cedula de Ciudadania', '1053814489', '', '', 18, 10, '', '461073.00', 'Trabajador', NULL, 'Activo\r'),
(20, 'Henry Humberto Tangarife Quintero', '', '', 'Cedula de Ciudadania', '3058982', '', '', 18, 10, '', '913294.00', 'Trabajador', NULL, 'Activo\r'),
(21, 'Claudia Lucia Hoyos Puerta', '', '', 'Cedula de Ciudadania', '30325369', '', '', 18, 10, '', '913294.00', 'Trabajador', NULL, 'Activo\r'),
(22, 'Carlos Arturo Valencia Álzate', '', '', 'Cedula de Ciudadania', '1053850716', '', '', 18, 10, '', '737717.00', 'Trabajador', NULL, 'Activo\r'),
(23, 'Bibiana Ospina Aguirre', '', '', 'Cedula de Ciudadania', '65816260', '', '', 18, 10, '', '913294.00', 'Trabajador', NULL, 'Activo\r'),
(24, 'Bertha Liliana Castañeda Gomez', '', '', 'Cedula de Ciudadania', '30294251', '', '', 18, 10, '', '913294.00', 'Trabajador', NULL, 'Activo\r'),
(25, 'Astrid Yulieth Quintero Castro', '', '', 'Cedula de Ciudadania', '1060648660', '', '', 18, 10, '', '913294.00', 'Trabajador', NULL, 'Activo\r'),
(26, 'Angie Mavell Montoya Orozco', '', '', 'Cedula de Ciudadania', '1053829315', '', '', 18, 10, '', '913294.00', 'Trabajador', NULL, 'Activo\r'),
(27, 'Andres Fernando Gonzalez Trejos ', '', '', 'Cedula de Ciudadania', '1060646793', '', '', 18, 10, '', '825506.00', 'Trabajador', NULL, 'Activo\r'),
(28, 'Andres Felipe Viñez Mendieta', '', '', 'Cedula de Ciudadania', '1053764976', '', '', 18, 10, '', '737717.00', 'Trabajador', NULL, 'Activo\r'),
(29, 'Yimmy Cristian Arias Sanchez', '', '', 'Cedula de Ciudadania', '16078379', '', '', 18, 10, '', '825506.00', 'Trabajador', NULL, 'Activo\r'),
(30, 'Andrea Marcela Madroñero Vera', '', '', 'Cedula de Ciudadania', '1019057734', '', '', 18, 10, '', '913294.00', 'Trabajador', NULL, 'Activo\r'),
(31, 'Alejandro Buitrago', '', '', 'Cedula de Ciudadania', '1053830702', '', '', 18, 10, '', '737717.00', 'Trabajador', NULL, 'Activo\r'),
(32, 'Adrian Rivera Giraldo', '', '', 'Cedula de Ciudadania', '75100227', '', '', 18, 10, '', '913294.00', 'Trabajador', NULL, 'Activo\r'),
(33, 'Yury Andrea Arias Velásquez', '', '', 'Cedula de Ciudadania', '1053805855', '', '', 18, 10, '', '913294.00', 'Trabajador', NULL, 'Activo\r'),
(34, 'Luisa Fernanda Zuluaga Loaiza', '', '', 'Cedula de Ciudadania', '24334926', '', '', 18, 10, '', '737717.00', 'Trabajador', NULL, 'Activo\r'),
(35, 'Luisa Fernanda Cardona Cardona', '', '', 'Cedula de Ciudadania', '1053841539', '', '', 18, 10, '', '737717.00', 'Trabajador', NULL, 'Activo\r'),
(36, 'Juan Pablo Montoya Montoya', '', '', 'Cedula de Ciudadania', '6550997', '', '', 18, 10, '', '461073.00', 'Trabajador', NULL, 'Activo\r'),
(37, 'Claudia Lorena Flor Alvarez', '', '', 'Cedula de Ciudadania', '1060648402', '', '', 18, 10, '', '913294.00', 'Trabajador', NULL, 'Activo\r'),
(38, 'Daniel Alberto Alvarez Florez', '', '', 'Cedula de Ciudadania', '1093538603', '', '', 18, 10, '', '368858.00', 'Trabajador', NULL, 'Activo\r'),
(39, 'Juan Diego Caro Beltran', '', '', 'Cedula de Ciudadania', '1053862485', '', '', 18, 10, '', '737717.00', 'Trabajador', NULL, 'Activo\r'),
(40, 'Miguel Ángel Contreras Hernández', '', '', 'Cedula de Ciudadania', '1030567820', '', '', 18, 10, '', '737717.00', 'Trabajador', NULL, 'Activo\r'),
(41, 'David Alejandro Molina Lopez', '', '', 'Cedula de Ciudadania', '1032500916', '', '', 18, 10, '', '461073.00', 'Trabajador', NULL, 'Activo\r'),
(42, 'Erika Johanna Arias Morales', '', '', 'Cedula de Ciudadania', '1116261136', '', '', 18, 10, '', '461073.00', 'Trabajador', NULL, 'Activo\r'),
(43, 'Eduar Alberto Marin Perez', '', '', 'Cedula de Ciudadania', '16075659', '', '', 18, 10, '', '737717.00', 'Trabajador', NULL, 'Activo\r'),
(44, 'Gina Paola Esteban Valencia', '', '', 'Cedula de Ciudadania', '1053805501', '', '', 18, 10, '', '553288.00', 'Trabajador', NULL, 'Activo\r'),
(45, 'Martha Lucia Herrera Morales', '', '', 'Cedula de Ciudadania', '30394932', '', '', 18, 10, '', '737717.00', 'Trabajador', NULL, 'Activo\r'),
(46, 'Daniel Camilo Calderon Dussan', '', '', 'Cedula de Ciudadania', '1075258671', '', '', 18, 10, '', '737717.00', 'Trabajador', NULL, 'Activo\r'),
(47, 'Nelson Fabio Hernández', '', '', 'Cedula de Ciudadania', '16072499', '', '', 18, 10, '', '913294.00', 'Trabajador', NULL, 'Activo\r'),
(48, 'Angie Vanessa Vallejo Tabares', '', '', 'Cedula de Ciudadania', '1056303921', '', '', 18, 10, '', '553288.00', 'Trabajador', NULL, 'Activo\r'),
(49, 'Jeison Esneider Sanchez Valero', '', '', 'Cedula de Ciudadania', '1053847827', '', '', 18, 10, '', '737717.00', 'Trabajador', NULL, 'Activo\r'),
(50, 'Diana Patricia Chaverra Borrero', '', '', 'Cedula de Ciudadania', '1097400143', '', '', 18, 10, '', '737717.00', 'Trabajador', NULL, 'Activo\r'),
(51, 'Viviana Arias Hernandez', '', '', 'Cedula de Ciudadania', '1053784927', '', '', 18, 10, '', '737717.00', 'Trabajador', NULL, 'Activo\r'),
(52, 'Victor Alfonso Zapata', '', '', 'Cedula de Ciudadania', '1053770872', '', '', 18, 10, '', '737717.00', 'Trabajador', NULL, 'Activo\r'),
(53, 'Luz Angela Moreno Rivera', '', '', 'Cedula de Ciudadania', '24549698', '', '', 18, 10, '', '553288.00', 'Trabajador', NULL, 'Activo\r'),
(54, 'Lina Johana Restrepo Garcia', '', '', 'Cedula de Ciudadania', '1053824102', '', '', 18, 10, '', '553288.00', 'Trabajador', NULL, 'Activo\r'),
(55, 'Diana Carolina Marles Garcia', '', '', 'Cedula de Ciudadania', '38362997', '', '', 18, 10, '', '553288.00', 'Trabajador', NULL, 'Activo\r'),
(56, 'Eliana Igned Villa Arias', '', '', 'Cedula de Ciudadania', '38640597', '', '', 18, 10, '', '737717.00', 'Trabajador', NULL, 'Activo\r'),
(57, 'José Manuel Zapata Muñoz', '', '', 'Cedula de Ciudadania', '1053863741', '', '', 18, 10, '', '737717.00', 'Trabajador', NULL, 'Activo\r'),
(58, 'Leidy Vanesa Rincón Rincón ', '', '', 'Cedula de Ciudadania', '1053844575', '', '', 18, 10, '', '737717.00', 'Trabajador', NULL, 'Activo\r'),
(59, 'Diana Marcela Hernández Gutiérrez', '', '', 'Cedula de Ciudadania', '1053830598', '', '', 18, 10, '', '737717.00', 'Trabajador', NULL, 'Activo\r'),
(60, 'Yenni Fernanda Orozco Arango', '', '', 'Cedula de Ciudadania', '1053863647', '', '', 18, 10, '', '737717.00', 'Trabajador', NULL, 'Activo\r'),
(61, 'Brenda Marcela Tejada Arbelaez', '', '', 'Cedula de Ciudadania', '1053863477', '', '', 18, 10, '', '737717.00', 'Trabajador', NULL, 'Activo\r'),
(62, 'Juan Sebastián Marín Pineda', '', '', 'Cedula de Ciudadania', '1053807819', '', '', 18, 10, '', '737717.00', 'Trabajador', NULL, 'Activo\r'),
(63, 'Victor Cuartas Castaño', '', '', 'Cedula de Ciudadania', '75106861', '', '', 18, 10, '', '737717.00', 'Trabajador', NULL, 'Activo\r'),
(64, 'Jessica Paola Lopez Gomez ', '', '', 'Cedula de Ciudadania', '1060652986', '', '', 18, 10, '', '913294.00', 'Trabajador', NULL, 'Activo\r'),
(65, 'Maria Luisa Delmoral Quintero', '', '', 'Cedula de Ciudadania', '1053849931', '', '', 18, 10, '', '737717.00', 'Trabajador', NULL, 'Activo\r'),
(66, 'Pilar Cecilia Mancilla Osorio', '', '', 'Cedula de Ciudadania', '31939119', '', '', 18, 10, '', '825506.00', 'Trabajador', NULL, 'Activo\r'),
(67, 'Claudia Marcela Galeano Bedoya', '', '', 'Cedula de Ciudadania', '52062914', '', '', 18, 10, '', '913294.00', 'Trabajador', NULL, 'Activo\r'),
(68, 'Hector Alfonso  Zuluaga Aristizabal', '', '', 'Cedula de Ciudadania', '1013581014', '', '', 18, 10, '', '737717.00', 'Trabajador', NULL, 'Activo\r'),
(69, 'Sebastián  Franco Arias', '', '', 'Cedula de Ciudadania', '1053860820', '', '', 18, 10, '', '737717.00', 'Trabajador', NULL, 'Activo\r'),
(70, 'Maria Angelica Cardona Aguirre', '', '', 'Cedula de Ciudadania', '1060654045', '', '', 18, 10, '', '737717.00', 'Trabajador', NULL, 'Activo\r'),
(71, 'Sandra Milena Sierra Trejos', '', '', 'Cedula de Ciudadania', '24332800', '', '', 18, 10, '', '913294.00', 'Trabajador', NULL, 'Activo\r'),
(72, 'Karen Yulieth Florez Melo ', '', '', 'Cedula de Ciudadania', '1053817760', '', '', 18, 10, '', '913294.00', 'Trabajador', NULL, 'Activo\r'),
(73, 'Manuel Alejandro Escobar Quintero', '', '', 'Cedula de Ciudadania', '75107604', '', '', 18, 10, '', '553288.00', 'Trabajador', NULL, 'Activo\r'),
(74, 'Maikol Steven Ramirez Aristizabal', '', '', 'Cedula de Ciudadania', '1053869506', '', '', 18, 10, '', '553288.00', 'Trabajador', NULL, 'Activo\r'),
(75, 'Duvaniel Estive Castrillon Herrera', '', '', 'Cedula de Ciudadania', '15491058', '', '', 18, 10, '', '553288.00', 'Trabajador', NULL, 'Activo\r'),
(76, 'Alejandro Castrillon Garcia', '', '', 'Cedula de Ciudadania', '1053867409', '', '', 18, 10, '', '553288.00', 'Trabajador', NULL, 'Activo\r'),
(77, 'Diana Yaneth Mazo Gomez', '', '', 'Cedula de Ciudadania', '30234893', '', '', 18, 10, '', '553288.00', 'Trabajador', NULL, 'Activo\r'),
(78, 'Diana Patricia Correa Ceballos', '', '', 'Cedula de Ciudadania', '1053782588', '', '', 18, 10, '', '553288.00', 'Trabajador', NULL, 'Activo\r'),
(79, 'Juan David Orozco Quintero', '', '', 'Cedula de Ciudadania', '1022439598', '', '', 18, 10, '', '553288.00', 'Trabajador', NULL, 'Activo\r'),
(80, 'Jaqueline Lozano Lozano', '', '', 'Cedula de Ciudadania', '1006117619', '', '', 18, 10, '', '553288.00', 'Trabajador', NULL, 'Activo\r'),
(81, 'Daniela Alejandra Ortiz Pineda', '', '', 'Cedula de Ciudadania', '1053852408', '', '', 18, 10, '', '553288.00', 'Trabajador', NULL, 'Activo\r'),
(82, 'Geraldine Guerrero Diaz', '', '', 'Cedula de Ciudadania', '1059707234', '', '', 18, 10, '', '553288.00', 'Trabajador', NULL, 'Activo\r'),
(83, 'Manuela Taborda Hincapie', '', '', 'Cedula de Ciudadania', '1053865914', '', '', 18, 10, '', '553288.00', 'Trabajador', NULL, 'Activo\r'),
(84, 'Daylen Gaviria Robayo', '', '', 'Cedula de Ciudadania', '1104708556', '', '', 18, 10, '', '553288.00', 'Trabajador', NULL, 'Activo\r'),
(85, 'Daniela Yurley Osorio Garzon', '', '', 'Cedula de Ciudadania', '1110558601', '', '', 18, 10, '', '553288.00', 'Trabajador', NULL, 'Activo\r'),
(86, 'Leidy Dayana Guzman Aguirre', '', '', 'Cedula de Ciudadania', '1053868543', '', '', 18, 10, '', '553288.00', 'Trabajador', NULL, 'Activo\r'),
(87, 'Juan David Patino Posada', '', '', 'Cedula de Ciudadania', '1053860704', '', '', 18, 10, '', '553288.00', 'Trabajador', NULL, 'Activo\r'),
(88, 'Vanesa Ardila Bustos', '', '', 'Cedula de Ciudadania', '1053830914', '', '', 18, 10, '', '913294.00', 'Trabajador', NULL, 'Activo\r'),
(89, 'German Esteban Orozco Varela', '', '', 'Cedula de Ciudadania', '1053795058', '', '', 18, 10, '', '737717.00', 'Trabajador', NULL, 'Activo\r'),
(90, 'Daniel Salazar Arboleda', '', '', 'Cedula de Ciudadania', '1053858409', '', '', 18, 10, '', '619129.00', 'Trabajador', NULL, 'Activo\r'),
(91, 'Andrés Felipe Bedoya Castro', '', '', 'Cedula de Ciudadania', '1053795928', '', '', 19, 11, '', '913294.00', 'Trabajador', NULL, 'Activo\r'),
(92, 'Daniela Moreno Moreno ', '', '', 'Cedula de Ciudadania', '1053808667', '', '', 19, 11, '', '619129.00', 'Trabajador', NULL, 'Activo\r'),
(93, 'Yessica Betancur Munera', '', '', 'Cedula de Ciudadania', '1053819788', '', '', 19, 11, '', '684971.00', 'Trabajador', NULL, 'Activo\r'),
(94, 'Paula Andrea Gómez Escobar', '', '', 'Cedula de Ciudadania', '1053848223', '', '', 19, 11, '', '553288.00', 'Trabajador', NULL, 'Activo\r'),
(95, 'Alejandra Vega Salazar', '', '', 'Cedula de Ciudadania', '1053839103', '', '', 19, 11, '', '570809.00', 'Trabajador', NULL, 'Activo\r'),
(96, 'María Alejandra Botonero Tano', '', '', 'Cedula de Ciudadania', '1053832413', '', '', 19, 11, '', '825506.00', 'Trabajador', NULL, 'Activo\r'),
(97, 'Naidu Mileth Florez Caicedo', '', '', 'Cedula de Ciudadania', '1054557641', '', '', 19, 11, '', '825506.00', 'Trabajador', NULL, 'Activo\r'),
(98, 'Luz Adriana Garcia Moreno', '', '', 'Cedula de Ciudadania', '30237290', '', '', 19, 11, '', '737717.00', 'Trabajador', NULL, 'Activo\r'),
(99, 'Astrid Milena Fernandez Duque', '', '', 'Cedula de Ciudadania', '1088252190', '', '', 19, 11, '', '737717.00', 'Trabajador', NULL, 'Activo\r'),
(100, 'Yury Tatiana Ramírez Valencia', '', '', 'Cedula de Ciudadania', '1053828607', '', '', 19, 11, '', '737717.00', 'Trabajador', NULL, 'Activo\r'),
(101, 'Claudia Alejandra Cardona Ceballos', '', '', 'Cedula de Ciudadania', '1060267829', '', '', 19, 11, '', '737717.00', 'Trabajador', NULL, 'Activo\r'),
(102, 'Dilia Rodriguez Castellanos', '', '', 'Cedula de Ciudadania', '25112681', '', '', 19, 11, '', '737717.00', 'Trabajador', NULL, 'Activo\r'),
(103, 'Juan Andres Henao Toro', '', '', 'Cedula de Ciudadania', '1002546963', '', '', 19, 11, '', '737717.00', 'Trabajador', '$2a$12$.MZjgaXNNKW9QBpJeh0rIudt9FkBiPpYuxHOuXJldDLBXS7D1Mwl.', 'Activo\r'),
(104, 'Luis Miguel Herrera Castrillón', '', '', 'Cedula de Ciudadania', '1128627607', '', '', 19, 11, '', '553288.00', 'Trabajador', NULL, 'Activo\r'),
(105, 'John Edwar Velez Saavedra', '', '', 'Cedula de Ciudadania', '1053851538', '', '', 19, 11, '', '737717.00', 'Trabajador', NULL, 'Activo\r'),
(106, 'Leidy Tatiana Toro Loaiza', '', '', 'Cedula de Ciudadania', '1053829121', '', '', 19, 11, '', '737717.00', 'Trabajador', NULL, 'Activo\r'),
(107, 'Paola Andrea Echavarría David', '', '', 'Cedula de Ciudadania', '1060594183', '', '', 19, 11, '', '737717.00', 'Trabajador', NULL, 'Activo\r'),
(108, 'Duván Andrés Bedoya Zapata', '', '', 'Cedula de Ciudadania', '1053848189', '', '', 19, 11, '', '913294.00', 'Trabajador', NULL, 'Activo\r'),
(109, 'Diana Isabel Rodriguez Ortiz', '', '', 'Cedula de Ciudadania', '52931319', '', '', 19, 11, '', '737717.00', 'Trabajador', NULL, 'Activo\r'),
(110, 'Leydi Tatiana Escobar Velasquez', '', '', 'Cedula de Ciudadania', '1053826523', '', '', 19, 11, '', '913294.00', 'Trabajador', NULL, 'Activo\r'),
(111, 'Sandra Milena Franco Castañeda', '', '', 'Cedula de Ciudadania', '30392067', '', '', 19, 11, '', '737717.00', 'Trabajador', NULL, 'Activo\r'),
(112, 'Luis Fernando Torres Ramirez', '', '', 'Cedula de Ciudadania', '1053858867', '', '', 19, 11, '', '737717.00', 'Trabajador', NULL, 'Activo\r'),
(113, 'Erica Tatiana Garcia Perez', '', '', 'Cedula de Ciudadania', '1053802576', '', '', 19, 11, '', '913294.00', 'Trabajador', NULL, 'Activo\r'),
(114, 'Paula Alejandra Quintero Arias ', '', '', 'Cedula de Ciudadania', '24334487', '', '', 19, 11, '', '913294.00', 'Trabajador', NULL, 'Activo\r'),
(115, 'Maryuri Bueno Gutierrez', '', '', 'Cedula de Ciudadania', '1053834915', '', '', 19, 11, '', '913294.00', 'Trabajador', NULL, 'Activo\r'),
(116, 'Cristian David Fraile Ortegón', '', '', 'Cedula de Ciudadania', '1053812851', '', '', 19, 11, '', '913294.00', 'Trabajador', NULL, 'Activo\r'),
(117, 'Martha Milena Gómez Velásquez', '', '', 'Cedula de Ciudadania', '34000666', '', '', 19, 11, '', '913294.00', 'Trabajador', NULL, 'Activo\r'),
(118, 'Elizabeth Tabares Lopez', '', '', 'Cedula de Ciudadania', '1053833566', '', '', 19, 11, '', '825506.00', 'Trabajador', NULL, 'Activo\r'),
(119, 'Carolina Hernández Gomez', '', '', 'Cedula de Ciudadania', '24335648', '', '', 19, 11, '', '913294.00', 'Trabajador', NULL, 'Activo\r'),
(120, 'Maria Alejandra Grajales Villegas', '', '', 'Cedula de Ciudadania', '1053839593', '', '', 19, 11, '', '553288.00', 'Trabajador', NULL, 'Activo\r'),
(121, 'Fabio Nelson Gomez Caicedo', '', '', 'Cedula de Ciudadania', '1005996164', '', '', 19, 11, '', '737717.00', 'Trabajador', NULL, 'Activo\r'),
(122, 'Maria Nilsa Osorio Arboleda', '', '', 'Cedula de Ciudadania', '24338216', '', '', 19, 11, '', '825506.00', 'Trabajador', NULL, 'Activo\r'),
(123, 'Carolina Ospina Perez', '', '', 'Cedula de Ciudadania', '1053792369', '', '', 19, 11, '', '913294.00', 'Trabajador', NULL, 'Activo\r'),
(124, 'Luis Miguel Torres Cardona', '', '', 'Cedula de Ciudadania', '1053841695', '', '', 19, 11, '', '553288.00', 'Trabajador', NULL, 'Activo\r'),
(125, 'Sandy Daniela Ramirez Ceija', '', '', 'Cedula de Ciudadania', '1118775894', '', '', 19, 11, '', '553288.00', 'Trabajador', NULL, 'Activo\r'),
(126, 'Ana Milena Muñoz Aguirre', '', '', 'Cedula de Ciudadania', '1053850111', '', '', 19, 11, '', '684971.00', 'Trabajador', NULL, 'Activo\r'),
(127, 'Blanca Nubia Tapasco', '', '', 'Cedula de Ciudadania', '1053789561', '', '', 19, 11, '', '913294.00', 'Trabajador', NULL, 'Activo\r'),
(128, 'Olga Lucia Salazar Gomez', '', '', 'Cedula de Ciudadania', '30339435', '', '', 19, 11, '', '737717.00', 'Trabajador', NULL, 'Activo\r'),
(129, 'Maria Camila Sánchez Rios', '', '', 'Cedula de Ciudadania', '1053858677', '', '', 19, 11, '', '737717.00', 'Trabajador', NULL, 'Activo\r'),
(130, 'Karen Escobar Martínez', '', '', 'Cedula de Ciudadania', '1053853426', '', '', 19, 11, '', '737717.00', 'Trabajador', NULL, 'Activo\r'),
(131, 'Edwin Farid Rojas', '', '', 'Cedula de Ciudadania', '1082156055', '', '', 19, 11, '', '737717.00', 'Trabajador', NULL, 'Activo\r'),
(132, 'Jhonatan López Giraldo', '', '', 'Cedula de Ciudadania', '1060651651', '', '', 19, 11, '', '737717.00', 'Trabajador', NULL, 'Activo\r'),
(133, 'Santiago Giraldo Marín', '', '', 'Cedula de Ciudadania', '1053809992', '', '', 19, 11, '', '737717.00', 'Trabajador', NULL, 'Activo\r'),
(134, 'Vanessa Andrea Gutiérrez Gutiérrez', '', '', 'Cedula de Ciudadania', '1053787686', '', '', 19, 11, '', '461073.00', 'Trabajador', NULL, 'Activo\r'),
(135, 'Jeisson David Guarín Aristizabal', '', '', 'Cedula de Ciudadania', '1053857669', '', '', 19, 11, '', '737717.00', 'Trabajador', NULL, 'Activo\r'),
(136, 'Reina Jaramillo Ortiz', '', '', 'Cedula de Ciudadania', '30321010', '', '', 19, 11, '', '737717.00', 'Trabajador', NULL, 'Activo\r'),
(137, 'Tatiana Escobar Escobar Medina', '', '', 'Cedula de Ciudadania', '1053821118', '', '', 19, 11, '', '553288.00', 'Trabajador', NULL, 'Activo\r'),
(138, 'Olga Lucia Agudelo Rodas', '', '', 'Cedula de Ciudadania', '30239149', '', '', 19, 11, '', '825506.00', 'Trabajador', NULL, 'Activo\r'),
(139, 'Luz Elena Serna Figueroa', '', '', 'Cedula de Ciudadania', '30303968', '', '', 19, 11, '', '737717.00', 'Trabajador', NULL, 'Activo\r'),
(140, 'Johanna Alexandra Galvis Ruiz', '', '', 'Cedula de Ciudadania', '1053785276', '', '', 19, 11, '', '913294.00', 'Trabajador', NULL, 'Activo\r'),
(141, 'Johana Marcela Pineda Paneso', '', '', 'Cedula de Ciudadania', '24341703', '', '', 19, 11, '', '737717.00', 'Trabajador', NULL, 'Activo\r'),
(142, 'Jhon Edier Gallego Ruiz', '', '', 'Cedula de Ciudadania', '1002732589', '', '', 19, 11, '', '913294.00', 'Trabajador', NULL, 'Activo\r'),
(143, 'Cristian David Cano Castillo', '', '', 'Cedula de Ciudadania', '1053852331', '', '', 19, 11, '', '737717.00', 'Trabajador', NULL, 'Activo\r'),
(144, 'Sebastián García Bocanumen', '', '', 'Cedula de Ciudadania', '1088326799', '', '', 19, 11, '', '737717.00', 'Trabajador', NULL, 'Activo\r'),
(145, 'Juliana Andrea Velosa Velosa', '', '', 'Cedula de Ciudadania', '1111203965', '', '', 19, 11, '', '737717.00', 'Trabajador', NULL, 'Activo\r'),
(146, 'Paula Andrea Jaramillo Flórez', '', '', 'Cedula de Ciudadania', '32244261', '', '', 19, 11, '', '737717.00', 'Trabajador', NULL, 'Activo\r'),
(147, 'Jhon Edwuard Cuartas Gómez', '', '', 'Cedula de Ciudadania', '1053791009', '', '', 19, 11, '', '737717.00', 'Trabajador', NULL, 'Activo\r'),
(148, 'Juan camilo Giraldo Betancur', '', '', 'Cedula de Ciudadania', '1053820942', '', '', 19, 11, '', '553288.00', 'Trabajador', NULL, 'Activo\r'),
(149, 'Martha Lucia Patiño Patiño', '', '', 'Cedula de Ciudadania', '24626731', '', '', 19, 11, '', '913294.00', 'Trabajador', NULL, 'Activo\r'),
(150, 'Dahyana Montoya Cardona', '', '', 'Cedula de Ciudadania', '1053832162', '', '', 19, 11, '', '737717.00', 'Trabajador', NULL, 'Activo\r'),
(151, 'Liceth Marcela Gañan Gañan', '', '', 'Cedula de Ciudadania', '1094914454', '', '', 19, 11, '', '737717.00', 'Trabajador', NULL, 'Activo\r'),
(152, 'Luisa Stella Martínez Cardenas', '', '', 'Cedula de Ciudadania', '1118122799', '', '', 19, 11, '', '737717.00', 'Trabajador', NULL, 'Activo\r'),
(153, 'Alexandra Albarán Espinosa ', '', '', 'Cedula de Ciudadania', '1060654406', '', '', 19, 11, '', '553288.00', 'Trabajador', NULL, 'Activo\r'),
(154, 'Luceny Patricia Montoya Montoya', '', '', 'Cedula de Ciudadania', '1053849009', '', '', 19, 11, '', '737717.00', 'Trabajador', NULL, 'Activo\r'),
(155, 'Paola Cifuentes Cifuentes', '', '', 'Cedula de Ciudadania', '1053835177', '', '', 19, 11, '', '737717.00', 'Trabajador', NULL, 'Activo\r'),
(156, 'Anderson Moreno Rojas', '', '', 'Cedula de Ciudadania', '1120573342', '', '', 19, 11, '', '461073.00', 'Trabajador', NULL, 'Activo\r'),
(157, 'Julieth Andrea Agredo Morales', '', '', 'Cedula de Ciudadania', '1053811027', '', '', 19, 11, '', '737717.00', 'Trabajador', NULL, 'Activo\r'),
(158, 'Yuliana Diaz  Álzate', '', '', 'Cedula de Ciudadania', '1053867183', '', '', 19, 11, '', '461073.00', 'Trabajador', NULL, 'Activo\r'),
(159, 'Luisa Fernanda Arango Jaramillo', '', '', 'Cedula de Ciudadania', '1053858965', '', '', 19, 11, '', '461073.00', 'Trabajador', NULL, 'Activo\r'),
(160, 'Michael Anyelo Cardona Cardona', '', '', 'Cedula de Ciudadania', '1053768615', '', '', 19, 11, '', '737717.00', 'Trabajador', NULL, 'Activo\r'),
(161, 'Andrea Bedoya Pardo', '', '', 'Cedula de Ciudadania', '1053856941', '', '', 19, 11, '', '737717.00', 'Trabajador', NULL, 'Activo\r'),
(162, 'Juan Esteban Gonzalez Rios', '', '', 'Cedula de Ciudadania', '1057787974', '', '', 19, 11, '', '553288.00', 'Trabajador', NULL, 'Activo\r'),
(163, 'Cristian Camilo Diaz Alzate', '', '', 'Cedula de Ciudadania', '1007217001', '', '', 19, 11, '', '737717.00', 'Trabajador', NULL, 'Activo\r'),
(164, 'Marisol Rodriguez Morales', '', '', 'Cedula de Ciudadania', '1053850990', '', '', 19, 11, '', '553288.00', 'Trabajador', NULL, 'Activo\r'),
(165, 'Hector Fabio Salgado Salazar', '', '', 'Cedula de Ciudadania', '1053770687', '', '', 19, 11, '', '553288.00', 'Trabajador', NULL, 'Activo\r'),
(166, 'Leonardo Gallego Londoño', '', '', 'Cedula de Ciudadania', '1053829767', '', '', 19, 11, '', '553288.00', 'Trabajador', NULL, 'Activo\r'),
(167, 'Julián Henao Henao', '', '', 'Cedula de Ciudadania', '1053818899', '', '', 19, 11, '', '553288.00', 'Trabajador', NULL, 'Activo\r'),
(168, 'Daniel Felipe Ahumada Sanchez', '', '', 'Cedula de Ciudadania', '1053868095', '', '', 19, 11, '', '553288.00', 'Trabajador', NULL, 'Activo\r'),
(169, 'Julián David Ramirez Ciro', '', '', 'Cedula de Ciudadania', '1053841659', '', '', 19, 11, '', '553288.00', 'Trabajador', NULL, 'Activo\r'),
(170, 'Jhon Bayron Ramirez Patiño', '', '', 'Cedula de Ciudadania', '1053844028', '', '', 19, 11, '', '737717.00', 'Trabajador', NULL, 'Activo\r'),
(171, 'Sebastián Álvarez Vargas', '', '', 'Cedula de Ciudadania', '1053799459', '', '', 19, 11, '', '737717.00', 'Trabajador', NULL, 'Activo\r'),
(172, 'Laura Marcela Cardona Muñoz', '', '', 'Cedula de Ciudadania', '1053846099', '', '', 19, 11, '', '553288.00', 'Trabajador', NULL, 'Activo\r'),
(173, 'Diana Valentina Cardona Nova', '', '', 'Cedula de Ciudadania', '1053852031', '', '', 19, 11, '', '553288.00', 'Trabajador', NULL, 'Activo\r'),
(174, 'Maria Angelica Vega Araque', '', '', 'Cedula de Ciudadania', '32243209', '', '', 19, 11, '', '553288.00', 'Trabajador', NULL, 'Activo\r'),
(175, 'Daniel Gonzales Castañeda', '', '', 'Cedula de Ciudadania', '1015415761', '', '', 19, 11, '', '553288.00', 'Trabajador', NULL, 'Activo\r'),
(176, 'Yenny Lopez Arroyave', '', '', 'Cedula de Ciudadania', '1053792573', '', '', 19, 11, '', '553288.00', 'Trabajador', NULL, 'Activo\r'),
(177, 'Thania Milena Meneses Benavides', '', '', 'Cedula de Ciudadania', '1026587732', '', '', 19, 11, '', '553288.00', 'Trabajador', NULL, 'Activo\r'),
(178, 'Yenni Tatiana Ospina Garcia', '', '', 'Cedula de Ciudadania', '1007232581', '', '', 19, 11, '', '553288.00', 'Trabajador', NULL, 'Activo\r'),
(179, 'Daniela Gonzalez Arias', '', '', 'Cedula de Ciudadania', '1053806767', '', '', 19, 11, '', '553288.00', 'Trabajador', NULL, 'Activo\r'),
(180, 'Jhon Alexis Osorio Ramírez', '', '', 'Cedula de Ciudadania', '1053825785', '', '', 19, 11, '', '553288.00', 'Trabajador', NULL, 'Activo\r'),
(181, 'Gloria Nancy Sánchez Ospina', '', '', 'Cedula de Ciudadania', '34000506', '', '', 19, 11, '', '553288.00', 'Trabajador', NULL, 'Activo\r'),
(182, 'Claudia Lorena Castro Rodriguez', '', '', 'Cedula de Ciudadania', '1053787790', '', '', 19, 11, '', '553288.00', 'Trabajador', NULL, 'Activo\r'),
(183, 'Luz Maria Castro Rodriguez', '', '', 'Cedula de Ciudadania', '24338807', '', '', 19, 11, '', '553288.00', 'Trabajador', NULL, 'Activo\r'),
(184, 'July Alejandra Pineda Eusse', '', '', 'Cedula de Ciudadania', '1053796076', '', '', 19, 11, '', '619129.00', 'Trabajador', NULL, 'Activo\r'),
(185, 'Luz Yaneth Gutiérrez Osorio', '', '', 'Cedula de Ciudadania', '52296313', '', '', 19, 11, '', '825506.00', 'Trabajador', NULL, 'Activo\r'),
(186, 'Andrés Felipe Tabares Mejía', '', '', 'Cedula de Ciudadania', '1053786347', '', '', 19, 11, '', '825506.00', 'Trabajador', NULL, 'Activo\r'),
(187, 'Nelson Enrique Medina Giraldo', '', '', 'Cedula de Ciudadania', '1053823164', '', '', 19, 11, '', '825506.00', 'Trabajador', NULL, 'Activo\r'),
(188, 'Oscar Iván Delgado Jiménez', '', '', 'Cedula de Ciudadania', '1026255661', '', '', 19, 11, '', '913294.00', 'Trabajador', NULL, 'Activo\r'),
(189, 'Sandra Marcela Morales Cifuentes', '', '', 'Cedula de Ciudadania', '1053799188', '', '', 19, 11, '', '913294.00', 'Trabajador', NULL, 'Activo\r'),
(190, 'Juan Darío García Suarez', '', '', 'Cedula de Ciudadania', '1053823143', '', '', 19, 11, '', '737717.00', 'Trabajador', NULL, 'Activo\r'),
(191, 'Cesar Augusto Cuervo Osorio', '', '', 'Cedula de Ciudadania', '1053798090', '', '', 19, 11, '', '737717.00', 'Trabajador', NULL, 'Activo\r'),
(192, 'Carlos Fernando Castro Sánchez', '', '', 'Cedula de Ciudadania', '75100263', '', '', 19, 11, '', '737717.00', 'Trabajador', NULL, 'Activo\r'),
(193, 'Daniela Gómez Grisales', '', '', 'Cedula de Ciudadania', '1010017269', '', '', 19, 11, '', '737717.00', 'Trabajador', NULL, 'Activo\r'),
(194, 'Natalia Rojas Giraldo', '', '', 'Cedula de Ciudadania', '1060654016', '', '', 19, 11, '', '737717.00', 'Trabajador', NULL, 'Activo\r'),
(195, 'Jorge Leonardo Cruz Soto', '', '', 'Cedula de Ciudadania', '1053811940', '', '', 19, 11, '', '737717.00', 'Trabajador', NULL, 'Activo\r'),
(196, 'diana Patricia Adarmes Tapasco', '', '', 'Cedula de Ciudadania', '1053788210', '', '', 19, 11, '', '737717.00', 'Trabajador', NULL, 'Activo\r'),
(197, 'Claudia Viviana Franco Quintero', '', '', 'Cedula de Ciudadania', '24337375', '', '', 19, 11, '', '737717.00', 'Trabajador', NULL, 'Activo\r'),
(198, 'John Edward Aguirre Betancurt', '', '', 'Cedula de Ciudadania', '1060655232', '', '', 19, 11, '', '737717.00', 'Trabajador', NULL, 'Activo\r'),
(199, 'Daniel Alejandro Becerra Castillo', '', '', 'Cedula de Ciudadania', '1053825382', '', '', 19, 11, '', '737717.00', 'Trabajador', NULL, 'Activo\r'),
(200, 'Ana Carolina Martínez Sánchez', '', '', 'Cedula de Ciudadania', '1053814104', '', '', 19, 11, '', '737717.00', 'Trabajador', NULL, 'Activo\r'),
(201, 'Luisa Fernanda Osorio Valencia', '', '', 'Cedula de Ciudadania', '1053826290', '', '', 19, 11, '', '737717.00', 'Trabajador', NULL, 'Activo\r'),
(202, 'Diana Milena Gonzales Valencia', '', '', 'Cedula de Ciudadania', '1053776272', '', '', 19, 11, '', '737717.00', 'Trabajador', NULL, 'Activo\r'),
(203, 'Andres Felipe Cardona Rodríguez', '', '', 'Cedula de Ciudadania', '1053824836', '', '', 19, 11, '', '737717.00', 'Trabajador', NULL, 'Activo\r'),
(204, 'Yenny Lorena Vásquez Estrada', '', '', 'Cedula de Ciudadania', '1053852911', '', '', 19, 11, '', '553288.00', 'Trabajador', NULL, 'Activo\r'),
(205, 'Duvan Alberto Monsalve Muñoz', '', '', 'Cedula de Ciudadania', '1053835017', '', '', 19, 11, '', '737717.00', 'Trabajador', NULL, 'Activo\r'),
(206, 'Daniela  Arias  Granados', '', '', 'Cedula de Ciudadania', '1053836999', '', '', 19, 11, '', '553288.00', 'Trabajador', NULL, 'Activo\r'),
(207, 'Yenny  Diaz  Rendon', '', '', 'Cedula de Ciudadania', '1053775062', '', '', 19, 11, '', '553288.00', 'Trabajador', NULL, 'Activo\r'),
(208, 'Diana Marcela  Gallego Duque', '', '', 'Cedula de Ciudadania', '1053827565', '', '', 19, 11, '', '553288.00', 'Trabajador', NULL, 'Activo\r'),
(209, 'Valentina  Velasquez Buitrago', '', '', 'Cedula de Ciudadania', '1053868335', '', '', 19, 11, '', '553288.00', 'Trabajador', NULL, 'Activo\r'),
(210, 'Jennifer  Marin Quintero', '', '', 'Cedula de Ciudadania', '1053817411', '', '', 19, 11, '', '553288.00', 'Trabajador', NULL, 'Activo\r'),
(211, 'Liliana Milet  Durango Solipas', '', '', 'Cedula de Ciudadania', '30687644', '', '', 19, 11, '', '553288.00', 'Trabajador', NULL, 'Activo\r'),
(212, 'Deisy Geraldin  Henao Montoya', '', '', 'Cedula de Ciudadania', '1053835500', '', '', 19, 11, '', '553288.00', 'Trabajador', NULL, 'Activo\r'),
(213, 'Luisa Fernanda  Romero Valencia', '', '', 'Cedula de Ciudadania', '1053864619', '', '', 19, 11, '', '553288.00', 'Trabajador', NULL, 'Activo\r'),
(214, 'Luz Adriana  Cardona Clavijo', '', '', 'Cedula de Ciudadania', '30401802', '', '', 19, 11, '', '553288.00', 'Trabajador', NULL, 'Activo\r'),
(215, 'luisa Fernanda  Franco Palacio', '', '', 'Cedula de Ciudadania', '30401395', '', '', 19, 11, '', '553288.00', 'Trabajador', NULL, 'Activo\r'),
(216, 'Rhonal Jader  Meneses Portillo', '', '', 'Cedula de Ciudadania', '1123329624', '', '', 19, 11, '', '553288.00', 'Trabajador', NULL, 'Activo\r'),
(217, 'Diana Carolina  Jimenez Martinez', '', '', 'Cedula de Ciudadania', '1053808249', '', '', 19, 11, '', '553288.00', 'Trabajador', NULL, 'Activo\r'),
(218, 'Angi Dahiana  Florez Benitez', '', '', 'Cedula de Ciudadania', '1053829697', '', '', 19, 11, '', '553288.00', 'Trabajador', NULL, 'Activo\r'),
(219, 'Marcela  Escruceria Molina', '', '', 'Cedula de Ciudadania', '1053817331', '', '', 19, 11, '', '553288.00', 'Trabajador', NULL, 'Activo\r'),
(220, 'Ximena  Prieto  Escobar', '', '', 'Cedula de Ciudadania', '1053789431', '', '', 19, 11, '', '553288.00', 'Trabajador', NULL, 'Activo\r'),
(221, 'Talia Yeraldin  Arevalo Zuluaga', '', '', 'Cedula de Ciudadania', '1053855200', '', '', 19, 11, '', '553288.00', 'Trabajador', NULL, 'Activo\r'),
(222, 'Adriana María Ocampo Casafus', '', '', 'Cedula de Ciudadania', '30308684', '', '', 21, 13, '', '913294.00', 'Trabajador', NULL, 'Activo\r'),
(223, 'Ana María López Rivera', '', '', 'Cedula de Ciudadania', '1053838898', '', '', 21, 13, '', '825506.00', 'Trabajador', NULL, 'Activo\r'),
(224, 'Ana Mildred Manfrey', '', '', 'Cedula de Ciudadania', '559993', '', '', 21, 13, '', '737717.00', 'Trabajador', NULL, 'Activo\r'),
(225, 'Ariel Camilo Correa Gomez', '', '', 'Cedula de Ciudadania', '1053790777', '', '', 21, 13, '', '913294.00', 'Trabajador', NULL, 'Activo\r'),
(226, 'Brayan Steven Tamayo Murillo', '', '', 'Cedula de Ciudadania', '1053816796', '', '', 21, 13, '', '461073.00', 'Trabajador', NULL, 'Activo\r'),
(227, 'Caterine Castañeda Martinez', '', '', 'Cedula de Ciudadania', '1054997908', '', '', 21, 13, '', '825506.00', 'Trabajador', NULL, 'Activo\r'),
(228, 'Diana Carolina Duque Ríos', '', '', 'Cedula de Ciudadania', '1053781559', '', '', 21, 13, '', '913294.00', 'Trabajador', NULL, 'Activo\r'),
(229, 'Diego Fernando Ospina Cardona', '', '', 'Cedula de Ciudadania', '16045519', '', '', 21, 13, '', '913294.00', 'Trabajador', NULL, 'Activo\r'),
(230, 'Edwin Gabriel Álvarez', '', '', 'Cedula de Ciudadania', '1053786102', '', '', 21, 13, '', '913294.00', 'Trabajador', NULL, 'Activo\r'),
(231, 'Erika Julieth Alzate Marin', '', '', 'Cedula de Ciudadania', '1059813343', '', '', 21, 13, '', '825506.00', 'Trabajador', '$2a$12$NorLsUHpJT4AISurY2qXW.FNscG1ZBOiCRhTojjitnK7MKC2edS2e', 'Activo\r'),
(232, 'Edna Maria Arias Molina', '', '', 'Cedula de Ciudadania', '25234675', '', '', 21, 13, '', '737717.00', 'Trabajador', NULL, 'Activo\r'),
(233, 'Ingrid Tatiana Jiménez Álzate', '', '', 'Cedula de Ciudadania', '1053812325', '', '', 21, 13, '', '737717.00', 'Trabajador', NULL, 'Activo\r'),
(234, 'John Andres Gaviria Escobar', '', '', 'Cedula de Ciudadania', '75101808', '', '', 21, 13, '', '913294.00', 'Trabajador', NULL, 'Activo\r'),
(235, 'Jorge Eliecer Hurtado Molina', '', '', 'Cedula de Ciudadania', '1060269261', '', '', 21, 13, '', '825506.00', 'Trabajador', NULL, 'Activo\r'),
(236, 'Juan Daniel Giraldo Pineda', '', '', 'Cedula de Ciudadania', '1053846082', '', '', 21, 13, '', '737717.00', 'Trabajador', NULL, 'Activo\r'),
(237, 'Juan David Arbeláez  Rincon', '', '', 'Cedula de Ciudadania', '1055835185', '', '', 21, 13, '', '737717.00', 'Trabajador', NULL, 'Activo\r'),
(238, 'Juan Gabriel Fernandez Valencia', '', '', 'Cedula de Ciudadania', '1053791067', '', '', 21, 13, '', '825506.00', 'Trabajador', NULL, 'Activo\r'),
(239, 'Juli Paola Henao Villa', '', '', 'Cedula de Ciudadania', '1053776429', '', '', 21, 13, '', '737717.00', 'Trabajador', NULL, 'Activo\r'),
(240, 'Juliana María García Narváez', '', '', 'Cedula de Ciudadania', '1060268064', '', '', 21, 13, '', '913294.00', 'Trabajador', NULL, 'Activo\r'),
(241, 'Leydi Tatiana Granada Ramírez', '', '', 'Cedula de Ciudadania', '1000464096', '', '', 21, 13, '', '737717.00', 'Trabajador', '$2a$12$PDnsVyXwBKtYbOuYtYj0t.ktkA48kiZulERf92cAar3nSDYyqBhEG', 'Activo\r'),
(242, 'Luisa Fernanda Ortiz Aguirre', '', '', 'Cedula de Ciudadania', '1053833493', '', '', 21, 13, '', '913294.00', 'Trabajador', NULL, 'Activo\r'),
(243, 'María Alejandra Valencia Martínez', '', '', 'Cedula de Ciudadania', '1116261473', '', '', 21, 13, '', '825506.00', 'Trabajador', NULL, 'Activo\r'),
(244, 'Maria Dorancy Aristizabal Quintero', '', '', 'Cedula de Ciudadania', '30402283', '', '', 21, 13, '', '913294.00', 'Trabajador', NULL, 'Activo\r'),
(245, 'María Ximena Escobar Bueno', '', '', 'Cedula de Ciudadania', '1053792924', '', '', 21, 13, '', '913294.00', 'Trabajador', NULL, 'Activo\r'),
(246, 'Monica Patricia  Florez Espinosa', '', '', 'Cedula de Ciudadania', '30335576', '', '', 21, 13, '', '913294.00', 'Trabajador', NULL, 'Activo\r'),
(247, 'William Andres Largo Vergara', '', '', 'Cedula de Ciudadania', '1053860924', '', '', 21, 13, '', '825506.00', 'Trabajador', NULL, 'Activo\r'),
(248, 'Yuly Vanessa Restrepo  Aguirre', '', '', 'Cedula de Ciudadania', '1053850523', '', '', 21, 13, '', '913294.00', 'Trabajador', NULL, 'Activo\r'),
(249, 'Yuliana Valencia González', '', '', 'Cedula de Ciudadania', '1053770981', '', '', 21, 13, '', '461073.00', 'Trabajador', NULL, 'Activo\r'),
(250, 'Deissy Dayana Pineda Isaza', '', '', 'Cedula de Ciudadania', '1060647384', '', '', 21, 13, '', '913294.00', 'Trabajador', NULL, 'Activo\r'),
(251, 'Ana Maria Londoño Dávila', '', '', 'Cedula de Ciudadania', '1053781073', '', '', 21, 13, '', '737717.00', 'Trabajador', NULL, 'Activo\r'),
(252, 'Diana Paola Bernal Manrique', '', '', 'Cedula de Ciudadania', '1053850678', '', '', 21, 13, '', '913294.00', 'Trabajador', NULL, 'Activo\r'),
(253, 'Edwar Guillermo Villa Llanos', '', '', 'Cedula de Ciudadania', '93062533', '', '', 21, 13, '', '913294.00', 'Trabajador', NULL, 'Activo\r'),
(254, 'Jorge Mario Bedoya Marín', ' ', ' ', 'Cedula de Ciudadania', '1053794106', '', '', 21, 13, 'alejandramamona', '913294.00', 'Trabajador', '$2a$12$unFqgJGo7ITPfAjzJgvv5u5ajJiV6XzIJ2wKnH7VPRkYbqiKOhVRe', 'Activo'),
(255, 'José Uriel Giraldo Giraldo', '', '', 'Cedula de Ciudadania', '1055479083', '', '', 21, 13, '', '913294.00', 'Trabajador', '$2a$12$lmwjtzQic7.ye7M7Zww1ue9vol2J75QHl/c6EpDeTJes/7s1j88gK', 'Activo\r'),
(256, 'Juan Pablo Salinas', '', '', 'Cedula de Ciudadania', '16074830', '', '', 21, 13, '', '913294.00', 'Trabajador', NULL, 'Activo\r'),
(257, 'Judy Alejandra Ramírez Oquendo', '', '', 'Cedula de Ciudadania', '1053825311', '', '', 21, 13, '', '913294.00', 'Trabajador', NULL, 'Activo\r'),
(258, 'Leidy Tatiana López Gómez', '', '', 'Cedula de Ciudadania', '1054557929', '', '', 21, 13, '', '913294.00', 'Trabajador', NULL, 'Activo\r'),
(259, 'Liliana Patricia Hincapié', '', '', 'Cedula de Ciudadania', '24343386', '', '', 21, 13, '', '913294.00', 'Trabajador', '$2a$12$D5HnXflzkGqX9y9vDcEn0OvhVEmQaU48FY2SioPJp.0I9b/eW3n9y', 'Activo\r'),
(260, 'Maria Sicery  Carmona Lopez ', '', '', 'Cedula de Ciudadania', '30291235', '', '', 21, 13, '', '913294.00', 'Trabajador', NULL, 'Activo\r'),
(261, 'Mónica García Marín', '', '', 'Cedula de Ciudadania', '1053802201', '', '', 21, 13, '', '913294.00', 'Trabajador', NULL, 'Activo\r'),
(262, 'Natalia López Molina', '', '', 'Cedula de Ciudadania', '30239467', '', '', 21, 13, '', '913294.00', 'Trabajador', NULL, 'Activo\r'),
(263, 'Nidia Elsy Loaiza Patiño', '', '', 'Cedula de Ciudadania', '1055835502', '', '', 21, 13, '', '913294.00', 'Trabajador', NULL, 'Activo\r'),
(264, 'Diana Carolina Mejía Cardozo', '', '', 'Cedula de Ciudadania', '30237632', '', '', 21, 13, '', '913294.00', 'Trabajador', NULL, 'Activo\r'),
(265, 'Sandra Milena Gaviria Vasquez', '', '', 'Cedula de Ciudadania', '1055835133', '', '', 21, 13, '', '913294.00', 'Trabajador', NULL, 'Activo\r'),
(266, 'María Carolina Montoya Pineda', '', '', 'Cedula de Ciudadania', '1060650745', '', '', 21, 13, '', '913294.00', 'Trabajador', NULL, 'Activo\r'),
(267, 'Paula Cristina Cardona Granada', '', '', 'Cedula de Ciudadania', '1053770527', '', '', 21, 13, '', '913294.00', 'Trabajador', NULL, 'Activo\r'),
(268, '1', '1', '1', 'Cedula de Ciudadania', '1', '1', '1', 20, 12, '', '1.00', 'Administrador', '$2a$12$Df.y8cQhxI7J4wXx6aM10e0jk8oISVsaCtNiqJmYBEJuuQ7EoN2oi', 'Activo'),
(269, '21', '21', '21', 'Cedula de Ciudadania', '21', '21', '21', 27, 20, '', '21.00', 'Trabajador', NULL, 'Activo'),
(272, 'Cristian', 'Londoño', 'Duque', 'Cedula de Ciudadania', '1053798441', 'cristianlondonod@gmail.com', '8856332', 23, 16, 'Ing.desarrollo', '4000000.00', 'Administrador', '$2a$12$7RLlSqTCulH6LyhHd3ga4O8vG4rYEMUFzMqibuGic90j33GTpsDE2', 'Activo'),
(275, '1000', '1000', '1000', 'Cedula de Ciudadania', '1000', '1000', '1000', 33, 23, '1000', '1000.00', 'Trabajador', '$2a$12$JeDwfSiQEDdWB6AABM5ye.OJkt9H7zVjDQiBUUK9xLHiJIr8Rr4sa', 'Activo'),
(276, '2', '2', '2', 'Cedula de Ciudadania', '2', '2', '2', 18, 10, '2', '1000000.00', 'Jefe de Area', '$2a$12$Dju/FkkAuzz.73xANJB0huOkC0yMSFMyOSJybzjKznckx/g1NrnM.', 'Activo'),
(277, '3', '3', '3', 'Cedula de Ciudadania', '3', '3', '3', 21, 13, '3', '3.00', 'Jefe de Subarea', '$2a$12$5j1n6RCHfhwL7u7JjlL/Lu1eud8EQT5StmV2H68Qs1LFPctNd0Fzq', 'Activo'),
(278, '4', '4', '4', 'Cedula de Ciudadania', '4', '4', '4', 18, 10, '4', '2000000.00', 'Trabajador', '$2a$12$CnjShUcVmOBKL0pBum8KwOh73bQ/YI5MC9FPk.VbqDFlKrCAhQSmy', 'Activo');

-- --------------------------------------------------------

--
-- Table structure for table `resultados`
--

CREATE TABLE `resultados` (
  `idresultados` int(11) NOT NULL,
  `idkpi` int(11) NOT NULL,
  `idpersona` int(11) NOT NULL,
  `resultado_kpi` decimal(20,2) NOT NULL,
  `mes` varchar(45) NOT NULL,
  `year` int(4) NOT NULL
) ENGINE=InnoDB DEFAULT CHARSET=utf8;

--
-- Dumping data for table `resultados`
--

INSERT INTO `resultados` (`idresultados`, `idkpi`, `idpersona`, `resultado_kpi`, `mes`, `year`) VALUES
(3, 5, 1, '0.00', '01_Enero', 2017),
(4, 5, 2, '0.00', '01_Enero', 2017),
(5, 5, 3, '0.00', '01_Enero', 2017),
(6, 5, 4, '0.00', '01_Enero', 2017),
(7, 5, 5, '0.00', '01_Enero', 2017),
(8, 5, 6, '0.00', '01_Enero', 2017),
(9, 5, 7, '0.00', '01_Enero', 2017),
(10, 5, 8, '0.00', '01_Enero', 2017),
(11, 5, 9, '0.00', '01_Enero', 2017),
(12, 5, 10, '0.00', '01_Enero', 2017),
(13, 5, 11, '0.00', '01_Enero', 2017),
(14, 5, 12, '0.00', '01_Enero', 2017),
(15, 5, 13, '0.00', '01_Enero', 2017),
(16, 5, 14, '0.00', '01_Enero', 2017),
(17, 5, 15, '0.00', '01_Enero', 2017),
(18, 5, 16, '0.00', '01_Enero', 2017),
(19, 5, 17, '2.00', '01_Enero', 2017),
(20, 5, 18, '0.00', '01_Enero', 2017),
(21, 5, 19, '0.00', '01_Enero', 2017),
(22, 5, 20, '0.00', '01_Enero', 2017),
(23, 5, 21, '0.00', '01_Enero', 2017),
(24, 5, 22, '0.00', '01_Enero', 2017),
(25, 5, 23, '0.00', '01_Enero', 2017),
(26, 5, 24, '0.00', '01_Enero', 2017),
(27, 5, 25, '0.00', '01_Enero', 2017),
(28, 5, 26, '0.00', '01_Enero', 2017),
(29, 5, 27, '0.00', '01_Enero', 2017),
(30, 5, 28, '0.00', '01_Enero', 2017),
(31, 5, 29, '0.00', '01_Enero', 2017),
(32, 5, 30, '0.00', '01_Enero', 2017),
(33, 5, 31, '0.00', '01_Enero', 2017),
(34, 5, 32, '0.00', '01_Enero', 2017),
(35, 5, 33, '0.00', '01_Enero', 2017),
(36, 5, 34, '0.00', '01_Enero', 2017),
(37, 5, 35, '0.00', '01_Enero', 2017),
(38, 5, 36, '0.00', '01_Enero', 2017),
(39, 5, 37, '0.00', '01_Enero', 2017),
(40, 5, 38, '0.00', '01_Enero', 2017),
(41, 5, 39, '0.00', '01_Enero', 2017),
(42, 5, 40, '0.00', '01_Enero', 2017),
(43, 5, 41, '0.00', '01_Enero', 2017),
(44, 5, 42, '2.00', '01_Enero', 2017),
(45, 5, 43, '0.00', '01_Enero', 2017),
(46, 5, 44, '0.00', '01_Enero', 2017),
(47, 5, 45, '0.00', '01_Enero', 2017),
(48, 5, 46, '0.00', '01_Enero', 2017),
(49, 5, 47, '0.00', '01_Enero', 2017),
(50, 5, 48, '0.00', '01_Enero', 2017),
(51, 5, 49, '0.00', '01_Enero', 2017),
(52, 5, 50, '0.00', '01_Enero', 2017),
(53, 5, 51, '0.00', '01_Enero', 2017),
(54, 5, 52, '0.00', '01_Enero', 2017),
(55, 5, 53, '0.00', '01_Enero', 2017),
(56, 5, 54, '0.00', '01_Enero', 2017),
(57, 5, 55, '0.00', '01_Enero', 2017),
(58, 5, 56, '0.00', '01_Enero', 2017),
(59, 5, 57, '0.00', '01_Enero', 2017),
(60, 5, 58, '3.00', '01_Enero', 2017),
(61, 5, 59, '0.00', '01_Enero', 2017),
(62, 5, 60, '1.00', '01_Enero', 2017),
(63, 5, 61, '0.00', '01_Enero', 2017),
(64, 5, 62, '0.00', '01_Enero', 2017),
(65, 5, 63, '0.00', '01_Enero', 2017),
(66, 5, 64, '0.00', '01_Enero', 2017),
(67, 5, 65, '0.00', '01_Enero', 2017),
(68, 5, 66, '0.00', '01_Enero', 2017),
(69, 5, 67, '0.00', '01_Enero', 2017),
(70, 5, 68, '15.00', '01_Enero', 2017),
(71, 5, 69, '2.00', '01_Enero', 2017),
(72, 5, 70, '0.00', '01_Enero', 2017),
(73, 5, 71, '0.00', '01_Enero', 2017),
(74, 5, 72, '0.00', '01_Enero', 2017),
(75, 5, 73, '19.00', '01_Enero', 2017),
(76, 5, 74, '0.00', '01_Enero', 2017),
(77, 5, 75, '2.00', '01_Enero', 2017),
(78, 5, 76, '0.00', '01_Enero', 2017),
(79, 5, 77, '0.00', '01_Enero', 2017),
(80, 5, 78, '0.00', '01_Enero', 2017),
(81, 5, 79, '0.00', '01_Enero', 2017),
(82, 5, 80, '0.00', '01_Enero', 2017),
(83, 5, 81, '0.00', '01_Enero', 2017),
(84, 5, 82, '0.00', '01_Enero', 2017),
(85, 5, 83, '0.00', '01_Enero', 2017),
(86, 5, 84, '0.00', '01_Enero', 2017),
(87, 5, 85, '0.00', '01_Enero', 2017),
(88, 5, 86, '0.00', '01_Enero', 2017),
(89, 5, 87, '0.00', '01_Enero', 2017),
(90, 5, 88, '0.00', '01_Enero', 2017),
(91, 5, 89, '0.00', '01_Enero', 2017),
(92, 5, 90, '0.00', '01_Enero', 2017),
(93, 6, 1, '0.00', '01_Enero', 2017),
(94, 6, 2, '0.00', '01_Enero', 2017),
(95, 6, 3, '0.95', '01_Enero', 2017),
(96, 6, 4, '0.96', '01_Enero', 2017),
(97, 6, 5, '0.92', '01_Enero', 2017),
(98, 6, 6, '0.94', '01_Enero', 2017),
(99, 6, 7, '0.94', '01_Enero', 2017),
(100, 6, 8, '0.96', '01_Enero', 2017),
(101, 6, 9, '0.96', '01_Enero', 2017),
(102, 6, 10, '0.95', '01_Enero', 2017),
(103, 6, 11, '0.95', '01_Enero', 2017),
(104, 6, 12, '0.96', '01_Enero', 2017),
(105, 6, 13, '0.98', '01_Enero', 2017),
(106, 6, 14, '0.01', '01_Enero', 2017),
(107, 6, 15, '0.96', '01_Enero', 2017),
(108, 6, 16, '0.00', '01_Enero', 2017),
(109, 6, 17, '0.95', '01_Enero', 2017),
(110, 6, 18, '0.94', '01_Enero', 2017),
(111, 6, 19, '0.93', '01_Enero', 2017),
(112, 6, 20, '0.95', '01_Enero', 2017),
(113, 6, 21, '0.95', '01_Enero', 2017),
(114, 6, 22, '0.94', '01_Enero', 2017),
(115, 6, 23, '0.95', '01_Enero', 2017),
(116, 6, 24, '0.00', '01_Enero', 2017),
(117, 6, 25, '0.00', '01_Enero', 2017),
(118, 6, 26, '0.95', '01_Enero', 2017),
(119, 6, 27, '0.95', '01_Enero', 2017),
(120, 6, 28, '0.95', '01_Enero', 2017),
(121, 6, 29, '0.96', '01_Enero', 2017),
(122, 6, 30, '0.00', '01_Enero', 2017),
(123, 6, 31, '0.95', '01_Enero', 2017),
(124, 6, 32, '0.94', '01_Enero', 2017),
(125, 6, 33, '0.45', '01_Enero', 2017),
(126, 6, 34, '0.86', '01_Enero', 2017),
(127, 6, 35, '0.96', '01_Enero', 2017),
(128, 6, 36, '0.93', '01_Enero', 2017),
(129, 6, 37, '0.00', '01_Enero', 2017),
(130, 6, 38, '0.52', '01_Enero', 2017),
(131, 6, 39, '0.00', '01_Enero', 2017),
(132, 6, 40, '0.96', '01_Enero', 2017),
(133, 6, 41, '0.00', '01_Enero', 2017),
(134, 6, 42, '0.66', '01_Enero', 2017),
(135, 6, 43, '0.95', '01_Enero', 2017),
(136, 6, 44, '0.00', '01_Enero', 2017),
(137, 6, 45, '0.95', '01_Enero', 2017),
(138, 6, 46, '0.96', '01_Enero', 2017),
(139, 6, 47, '0.00', '01_Enero', 2017),
(140, 6, 48, '0.94', '01_Enero', 2017),
(141, 6, 49, '0.96', '01_Enero', 2017),
(142, 6, 50, '0.96', '01_Enero', 2017),
(143, 6, 51, '0.00', '01_Enero', 2017),
(144, 6, 52, '0.96', '01_Enero', 2017),
(145, 6, 53, '0.94', '01_Enero', 2017),
(146, 6, 54, '0.95', '01_Enero', 2017),
(147, 6, 55, '0.94', '01_Enero', 2017),
(148, 6, 56, '0.00', '01_Enero', 2017),
(149, 6, 57, '0.95', '01_Enero', 2017),
(150, 6, 58, '0.95', '01_Enero', 2017),
(151, 6, 59, '0.95', '01_Enero', 2017),
(152, 6, 60, '0.96', '01_Enero', 2017),
(153, 6, 61, '0.96', '01_Enero', 2017),
(154, 6, 62, '0.96', '01_Enero', 2017),
(155, 6, 63, '0.96', '01_Enero', 2017),
(156, 6, 64, '0.00', '01_Enero', 2017),
(157, 6, 65, '0.00', '01_Enero', 2017),
(158, 6, 66, '0.00', '01_Enero', 2017),
(159, 6, 67, '0.96', '01_Enero', 2017),
(160, 6, 68, '0.00', '01_Enero', 2017),
(161, 6, 69, '0.95', '01_Enero', 2017),
(162, 6, 70, '0.95', '01_Enero', 2017),
(163, 6, 71, '0.94', '01_Enero', 2017),
(164, 6, 72, '0.94', '01_Enero', 2017),
(165, 6, 73, '0.00', '01_Enero', 2017),
(166, 6, 74, '0.94', '01_Enero', 2017),
(167, 6, 75, '0.00', '01_Enero', 2017),
(168, 6, 76, '0.59', '01_Enero', 2017),
(169, 6, 77, '0.94', '01_Enero', 2017),
(170, 6, 78, '0.94', '01_Enero', 2017),
(171, 6, 79, '0.94', '01_Enero', 2017),
(172, 6, 80, '0.00', '01_Enero', 2017),
(173, 6, 81, '0.94', '01_Enero', 2017),
(174, 6, 82, '0.94', '01_Enero', 2017),
(175, 6, 83, '0.94', '01_Enero', 2017),
(176, 6, 84, '0.94', '01_Enero', 2017),
(177, 6, 85, '0.94', '01_Enero', 2017),
(178, 6, 86, '0.94', '01_Enero', 2017),
(179, 6, 87, '0.94', '01_Enero', 2017),
(180, 6, 88, '1.44', '01_Enero', 2017),
(181, 6, 89, '0.00', '01_Enero', 2017),
(182, 6, 90, '0.00', '01_Enero', 2017),
(183, 7, 1, '0.00', '01_Enero', 2017),
(184, 7, 2, '0.29', '01_Enero', 2017),
(185, 7, 3, '0.32', '01_Enero', 2017),
(186, 7, 4, '0.29', '01_Enero', 2017),
(187, 7, 5, '0.32', '01_Enero', 2017),
(188, 7, 6, '0.24', '01_Enero', 2017),
(189, 7, 7, '0.31', '01_Enero', 2017),
(190, 7, 8, '0.31', '01_Enero', 2017),
(191, 7, 9, '0.31', '01_Enero', 2017),
(192, 7, 10, '0.32', '01_Enero', 2017),
(193, 7, 11, '0.32', '01_Enero', 2017),
(194, 7, 12, '0.32', '01_Enero', 2017),
(195, 7, 13, '0.34', '01_Enero', 2017),
(196, 7, 14, '0.00', '01_Enero', 2017),
(197, 7, 15, '0.33', '01_Enero', 2017),
(198, 7, 16, '0.30', '01_Enero', 2017),
(199, 7, 17, '0.32', '01_Enero', 2017),
(200, 7, 18, '0.24', '01_Enero', 2017),
(201, 7, 19, '0.19', '01_Enero', 2017),
(202, 7, 20, '0.31', '01_Enero', 2017),
(203, 7, 21, '0.32', '01_Enero', 2017),
(204, 7, 22, '0.00', '01_Enero', 2017),
(205, 7, 23, '0.31', '01_Enero', 2017),
(206, 7, 24, '0.31', '01_Enero', 2017),
(207, 7, 25, '0.30', '01_Enero', 2017),
(208, 7, 26, '0.31', '01_Enero', 2017),
(209, 7, 27, '0.32', '01_Enero', 2017),
(210, 7, 28, '0.32', '01_Enero', 2017),
(211, 7, 29, '0.32', '01_Enero', 2017),
(212, 7, 30, '0.32', '01_Enero', 2017),
(213, 7, 31, '0.31', '01_Enero', 2017),
(214, 7, 32, '0.00', '01_Enero', 2017),
(215, 7, 33, '0.33', '01_Enero', 2017),
(216, 7, 34, '0.30', '01_Enero', 2017),
(217, 7, 35, '0.29', '01_Enero', 2017),
(218, 7, 36, '0.20', '01_Enero', 2017),
(219, 7, 37, '0.00', '01_Enero', 2017),
(220, 7, 38, '0.16', '01_Enero', 2017),
(221, 7, 39, '0.28', '01_Enero', 2017),
(222, 7, 40, '0.31', '01_Enero', 2017),
(223, 7, 41, '0.19', '01_Enero', 2017),
(224, 7, 42, '0.20', '01_Enero', 2017),
(225, 7, 43, '0.32', '01_Enero', 2017),
(226, 7, 44, '0.24', '01_Enero', 2017),
(227, 7, 45, '0.33', '01_Enero', 2017),
(228, 7, 46, '0.32', '01_Enero', 2017),
(229, 7, 47, '0.32', '01_Enero', 2017),
(230, 7, 48, '0.24', '01_Enero', 2017),
(231, 7, 49, '0.32', '01_Enero', 2017),
(232, 7, 50, '0.32', '01_Enero', 2017),
(233, 7, 51, '0.30', '01_Enero', 2017),
(234, 7, 52, '0.31', '01_Enero', 2017),
(235, 7, 53, '0.25', '01_Enero', 2017),
(236, 7, 54, '0.24', '01_Enero', 2017),
(237, 7, 55, '0.24', '01_Enero', 2017),
(238, 7, 56, '0.32', '01_Enero', 2017),
(239, 7, 57, '0.30', '01_Enero', 2017),
(240, 7, 58, '0.30', '01_Enero', 2017),
(241, 7, 59, '0.31', '01_Enero', 2017),
(242, 7, 60, '0.32', '01_Enero', 2017),
(243, 7, 61, '0.32', '01_Enero', 2017),
(244, 7, 62, '0.32', '01_Enero', 2017),
(245, 7, 63, '0.32', '01_Enero', 2017),
(246, 7, 64, '0.00', '01_Enero', 2017),
(247, 7, 65, '0.00', '01_Enero', 2017),
(248, 7, 66, '0.00', '01_Enero', 2017),
(249, 7, 67, '0.33', '01_Enero', 2017),
(250, 7, 68, '0.28', '01_Enero', 2017),
(251, 7, 69, '0.29', '01_Enero', 2017),
(252, 7, 70, '0.31', '01_Enero', 2017),
(253, 7, 71, '0.00', '01_Enero', 2017),
(254, 7, 72, '0.00', '01_Enero', 2017),
(255, 7, 73, '0.23', '01_Enero', 2017),
(256, 7, 74, '0.26', '01_Enero', 2017),
(257, 7, 75, '0.25', '01_Enero', 2017),
(258, 7, 76, '0.24', '01_Enero', 2017),
(259, 7, 77, '0.26', '01_Enero', 2017),
(260, 7, 78, '0.24', '01_Enero', 2017),
(261, 7, 79, '0.24', '01_Enero', 2017),
(262, 7, 80, '0.25', '01_Enero', 2017),
(263, 7, 81, '0.23', '01_Enero', 2017),
(264, 7, 82, '0.24', '01_Enero', 2017),
(265, 7, 83, '0.24', '01_Enero', 2017),
(266, 7, 84, '0.24', '01_Enero', 2017),
(267, 7, 85, '0.25', '01_Enero', 2017),
(268, 7, 86, '0.25', '01_Enero', 2017),
(269, 7, 87, '0.25', '01_Enero', 2017),
(270, 7, 88, '0.30', '01_Enero', 2017),
(271, 7, 89, '0.30', '01_Enero', 2017),
(272, 7, 90, '0.22', '01_Enero', 2017),
(273, 8, 1, '0.00', '01_Enero', 2017),
(274, 8, 2, '-0.18', '01_Enero', 2017),
(275, 8, 3, '-0.16', '01_Enero', 2017),
(276, 8, 4, '-0.19', '01_Enero', 2017),
(277, 8, 5, '-0.14', '01_Enero', 2017),
(278, 8, 6, '-0.19', '01_Enero', 2017),
(279, 8, 7, '-0.09', '01_Enero', 2017),
(280, 8, 8, '-0.16', '01_Enero', 2017),
(281, 8, 9, '-0.12', '01_Enero', 2017),
(282, 8, 10, '-0.11', '01_Enero', 2017),
(283, 8, 11, '-0.12', '01_Enero', 2017),
(284, 8, 12, '-0.17', '01_Enero', 2017),
(285, 8, 13, '-0.14', '01_Enero', 2017),
(286, 8, 14, '-1.00', '01_Enero', 2017),
(287, 8, 15, '-0.11', '01_Enero', 2017),
(288, 8, 16, '-0.11', '01_Enero', 2017),
(289, 8, 17, '-0.21', '01_Enero', 2017),
(290, 8, 18, '-0.17', '01_Enero', 2017),
(291, 8, 19, '-0.17', '01_Enero', 2017),
(292, 8, 20, '-0.12', '01_Enero', 2017),
(293, 8, 21, '-0.16', '01_Enero', 2017),
(294, 8, 22, '0.00', '01_Enero', 2017),
(295, 8, 23, '-0.11', '01_Enero', 2017),
(296, 8, 24, '-0.15', '01_Enero', 2017),
(297, 8, 25, '-0.17', '01_Enero', 2017),
(298, 8, 26, '-0.14', '01_Enero', 2017),
(299, 8, 27, '-0.12', '01_Enero', 2017),
(300, 8, 28, '-0.11', '01_Enero', 2017),
(301, 8, 29, '-0.15', '01_Enero', 2017),
(302, 8, 30, '-0.17', '01_Enero', 2017),
(303, 8, 31, '-0.13', '01_Enero', 2017),
(304, 8, 32, '-0.03', '01_Enero', 2017),
(305, 8, 33, '-0.34', '01_Enero', 2017),
(306, 8, 34, '-0.16', '01_Enero', 2017),
(307, 8, 35, '-0.17', '01_Enero', 2017),
(308, 8, 36, '-0.19', '01_Enero', 2017),
(309, 8, 37, '0.00', '01_Enero', 2017),
(310, 8, 38, '-0.07', '01_Enero', 2017),
(311, 8, 39, '-0.21', '01_Enero', 2017),
(312, 8, 40, '-0.11', '01_Enero', 2017),
(313, 8, 41, '-0.11', '01_Enero', 2017),
(314, 8, 42, '-0.16', '01_Enero', 2017),
(315, 8, 43, '-0.24', '01_Enero', 2017),
(316, 8, 44, '-0.13', '01_Enero', 2017),
(317, 8, 45, '-0.14', '01_Enero', 2017),
(318, 8, 46, '-0.14', '01_Enero', 2017),
(319, 8, 47, '-0.20', '01_Enero', 2017),
(320, 8, 48, '-0.13', '01_Enero', 2017),
(321, 8, 49, '-0.21', '01_Enero', 2017),
(322, 8, 50, '-0.18', '01_Enero', 2017),
(323, 8, 51, '-0.28', '01_Enero', 2017),
(324, 8, 52, '-0.19', '01_Enero', 2017),
(325, 8, 53, '-0.18', '01_Enero', 2017),
(326, 8, 54, '-0.15', '01_Enero', 2017),
(327, 8, 55, '-0.13', '01_Enero', 2017),
(328, 8, 56, '-0.12', '01_Enero', 2017),
(329, 8, 57, '-0.13', '01_Enero', 2017),
(330, 8, 58, '-0.31', '01_Enero', 2017),
(331, 8, 59, '-0.20', '01_Enero', 2017),
(332, 8, 60, '-0.30', '01_Enero', 2017),
(333, 8, 61, '-0.18', '01_Enero', 2017),
(334, 8, 62, '-0.17', '01_Enero', 2017),
(335, 8, 63, '-0.12', '01_Enero', 2017),
(336, 8, 64, '0.00', '01_Enero', 2017),
(337, 8, 65, '0.00', '01_Enero', 2017),
(338, 8, 66, '0.00', '01_Enero', 2017),
(339, 8, 67, '-0.16', '01_Enero', 2017),
(340, 8, 68, '-0.14', '01_Enero', 2017),
(341, 8, 69, '-0.15', '01_Enero', 2017),
(342, 8, 70, '-0.15', '01_Enero', 2017),
(343, 8, 71, '0.00', '01_Enero', 2017),
(344, 8, 72, '0.00', '01_Enero', 2017),
(345, 8, 73, '-0.16', '01_Enero', 2017),
(346, 8, 74, '-0.26', '01_Enero', 2017),
(347, 8, 75, '-0.21', '01_Enero', 2017),
(348, 8, 76, '-0.20', '01_Enero', 2017),
(349, 8, 77, '-0.14', '01_Enero', 2017),
(350, 8, 78, '-0.11', '01_Enero', 2017),
(351, 8, 79, '-0.20', '01_Enero', 2017),
(352, 8, 80, '-0.06', '01_Enero', 2017),
(353, 8, 81, '-0.11', '01_Enero', 2017),
(354, 8, 82, '-0.22', '01_Enero', 2017),
(355, 8, 83, '-0.16', '01_Enero', 2017),
(356, 8, 84, '-0.21', '01_Enero', 2017),
(357, 8, 85, '-0.23', '01_Enero', 2017),
(358, 8, 86, '-0.24', '01_Enero', 2017),
(359, 8, 87, '-0.20', '01_Enero', 2017),
(360, 8, 88, '-0.13', '01_Enero', 2017),
(361, 8, 89, '-0.26', '01_Enero', 2017),
(362, 8, 90, '-0.13', '01_Enero', 2017),
(363, 3, 1, '0.00', '01_Enero', 2017),
(364, 3, 2, '0.50', '01_Enero', 2017),
(365, 3, 3, '0.86', '01_Enero', 2017),
(366, 3, 4, '0.67', '01_Enero', 2017),
(367, 3, 5, '0.86', '01_Enero', 2017),
(368, 3, 6, '0.71', '01_Enero', 2017),
(369, 3, 7, '0.29', '01_Enero', 2017),
(370, 3, 8, '1.00', '01_Enero', 2017),
(371, 3, 9, '0.38', '01_Enero', 2017),
(372, 3, 10, '0.44', '01_Enero', 2017),
(373, 3, 11, '0.86', '01_Enero', 2017),
(374, 3, 12, '1.00', '01_Enero', 2017),
(375, 3, 13, '0.75', '01_Enero', 2017),
(376, 3, 14, '1.00', '01_Enero', 2017),
(377, 3, 15, '0.25', '01_Enero', 2017),
(378, 3, 16, '0.75', '01_Enero', 2017),
(379, 3, 17, '0.88', '01_Enero', 2017),
(380, 3, 18, '0.80', '01_Enero', 2017),
(381, 3, 19, '0.57', '01_Enero', 2017),
(382, 3, 20, '0.30', '01_Enero', 2017),
(383, 3, 21, '0.89', '01_Enero', 2017),
(384, 3, 22, '0.00', '01_Enero', 2017),
(385, 3, 23, '0.40', '01_Enero', 2017),
(386, 3, 24, '0.63', '01_Enero', 2017),
(387, 3, 25, '0.78', '01_Enero', 2017),
(388, 3, 26, '0.57', '01_Enero', 2017),
(389, 3, 27, '0.57', '01_Enero', 2017),
(390, 3, 28, '1.00', '01_Enero', 2017),
(391, 3, 29, '0.89', '01_Enero', 2017),
(392, 3, 30, '0.67', '01_Enero', 2017),
(393, 3, 31, '0.75', '01_Enero', 2017),
(394, 3, 32, '1.00', '01_Enero', 2017),
(395, 3, 33, '0.80', '01_Enero', 2017),
(396, 3, 34, '0.00', '01_Enero', 2017),
(397, 3, 35, '0.50', '01_Enero', 2017),
(398, 3, 36, '0.75', '01_Enero', 2017),
(399, 3, 37, '0.00', '01_Enero', 2017),
(400, 3, 38, '0.86', '01_Enero', 2017),
(401, 3, 39, '0.40', '01_Enero', 2017),
(402, 3, 40, '0.86', '01_Enero', 2017),
(403, 3, 41, '0.50', '01_Enero', 2017),
(404, 3, 42, '0.75', '01_Enero', 2017),
(405, 3, 43, '0.43', '01_Enero', 2017),
(406, 3, 44, '0.67', '01_Enero', 2017),
(407, 3, 45, '0.75', '01_Enero', 2017),
(408, 3, 46, '0.60', '01_Enero', 2017),
(409, 3, 47, '0.71', '01_Enero', 2017),
(410, 3, 48, '0.63', '01_Enero', 2017),
(411, 3, 49, '0.86', '01_Enero', 2017),
(412, 3, 50, '0.88', '01_Enero', 2017),
(413, 3, 51, '0.83', '01_Enero', 2017),
(414, 3, 52, '0.63', '01_Enero', 2017),
(415, 3, 53, '0.50', '01_Enero', 2017),
(416, 3, 54, '0.56', '01_Enero', 2017),
(417, 3, 55, '0.38', '01_Enero', 2017),
(418, 3, 56, '0.33', '01_Enero', 2017),
(419, 3, 57, '0.44', '01_Enero', 2017),
(420, 3, 58, '0.63', '01_Enero', 2017),
(421, 3, 59, '1.00', '01_Enero', 2017),
(422, 3, 60, '0.50', '01_Enero', 2017),
(423, 3, 61, '0.75', '01_Enero', 2017),
(424, 3, 62, '0.63', '01_Enero', 2017),
(425, 3, 63, '0.57', '01_Enero', 2017),
(426, 3, 64, '0.00', '01_Enero', 2017),
(427, 3, 65, '0.00', '01_Enero', 2017),
(428, 3, 66, '0.00', '01_Enero', 2017),
(429, 3, 67, '0.86', '01_Enero', 2017),
(430, 3, 68, '0.50', '01_Enero', 2017),
(431, 3, 69, '0.22', '01_Enero', 2017),
(432, 3, 70, '1.00', '01_Enero', 2017),
(433, 3, 71, '1.00', '01_Enero', 2017),
(434, 3, 72, '0.00', '01_Enero', 2017),
(435, 3, 73, '0.40', '01_Enero', 2017),
(436, 3, 74, '0.50', '01_Enero', 2017),
(437, 3, 75, '0.60', '01_Enero', 2017),
(438, 3, 76, '0.30', '01_Enero', 2017),
(439, 3, 77, '0.73', '01_Enero', 2017),
(440, 3, 78, '0.73', '01_Enero', 2017),
(441, 3, 79, '0.40', '01_Enero', 2017),
(442, 3, 80, '0.27', '01_Enero', 2017),
(443, 3, 81, '0.75', '01_Enero', 2017),
(444, 3, 82, '0.40', '01_Enero', 2017),
(445, 3, 83, '0.70', '01_Enero', 2017),
(446, 3, 84, '0.70', '01_Enero', 2017),
(447, 3, 85, '0.50', '01_Enero', 2017),
(448, 3, 86, '0.80', '01_Enero', 2017),
(449, 3, 87, '0.80', '01_Enero', 2017),
(450, 3, 88, '0.50', '01_Enero', 2017),
(451, 3, 89, '0.33', '01_Enero', 2017),
(452, 3, 90, '0.67', '01_Enero', 2017),
(454, 9, 2, '514.98', '01_Enero', 2017),
(455, 9, 3, '390.70', '01_Enero', 2017),
(456, 9, 4, '408.54', '01_Enero', 2017),
(457, 9, 5, '441.06', '01_Enero', 2017),
(458, 9, 6, '681.19', '01_Enero', 2017),
(459, 9, 7, '517.71', '01_Enero', 2017),
(460, 9, 8, '409.99', '01_Enero', 2017),
(461, 9, 9, '856.12', '01_Enero', 2017),
(462, 9, 10, '479.40', '01_Enero', 2017),
(463, 9, 11, '583.72', '01_Enero', 2017),
(464, 9, 12, '448.02', '01_Enero', 2017),
(465, 9, 13, '646.68', '01_Enero', 2017),
(466, 9, 14, '372.11', '01_Enero', 2017),
(467, 9, 15, '534.94', '01_Enero', 2017),
(468, 9, 16, '469.96', '01_Enero', 2017),
(469, 9, 17, '415.57', '01_Enero', 2017),
(470, 9, 18, '561.69', '01_Enero', 2017),
(471, 9, 19, '474.65', '01_Enero', 2017),
(472, 9, 20, '427.64', '01_Enero', 2017),
(473, 9, 21, '443.83', '01_Enero', 2017),
(475, 9, 23, '554.70', '01_Enero', 2017),
(476, 9, 24, '711.38', '01_Enero', 2017),
(477, 9, 25, '400.58', '01_Enero', 2017),
(478, 9, 26, '481.42', '01_Enero', 2017),
(479, 9, 27, '484.85', '01_Enero', 2017),
(480, 9, 28, '540.94', '01_Enero', 2017),
(481, 9, 29, '526.97', '01_Enero', 2017),
(482, 9, 30, '477.87', '01_Enero', 2017),
(483, 9, 31, '411.75', '01_Enero', 2017),
(484, 9, 32, '433.38', '01_Enero', 2017),
(485, 9, 33, '434.20', '01_Enero', 2017),
(486, 9, 34, '501.54', '01_Enero', 2017),
(487, 9, 35, '391.61', '01_Enero', 2017),
(488, 9, 36, '504.22', '01_Enero', 2017),
(490, 9, 38, '380.68', '01_Enero', 2017),
(491, 9, 39, '584.97', '01_Enero', 2017),
(492, 9, 40, '568.67', '01_Enero', 2017),
(493, 9, 41, '371.22', '01_Enero', 2017),
(494, 9, 42, '431.99', '01_Enero', 2017),
(495, 9, 43, '615.63', '01_Enero', 2017),
(496, 9, 44, '473.55', '01_Enero', 2017),
(497, 9, 45, '482.72', '01_Enero', 2017),
(498, 9, 46, '438.96', '01_Enero', 2017),
(499, 9, 47, '619.82', '01_Enero', 2017),
(500, 9, 48, '519.92', '01_Enero', 2017),
(501, 9, 49, '496.52', '01_Enero', 2017),
(502, 9, 50, '549.49', '01_Enero', 2017),
(503, 9, 51, '462.75', '01_Enero', 2017),
(504, 9, 52, '724.72', '01_Enero', 2017),
(505, 9, 53, '522.89', '01_Enero', 2017),
(506, 9, 54, '558.36', '01_Enero', 2017),
(507, 9, 55, '566.14', '01_Enero', 2017),
(508, 9, 56, '559.74', '01_Enero', 2017),
(509, 9, 57, '564.04', '01_Enero', 2017),
(510, 9, 58, '541.87', '01_Enero', 2017),
(511, 9, 59, '594.63', '01_Enero', 2017),
(512, 9, 60, '546.49', '01_Enero', 2017),
(513, 9, 61, '457.90', '01_Enero', 2017),
(514, 9, 62, '554.33', '01_Enero', 2017),
(515, 9, 63, '564.03', '01_Enero', 2017),
(519, 9, 67, '452.02', '01_Enero', 2017),
(520, 9, 68, '637.69', '01_Enero', 2017),
(521, 9, 69, '486.96', '01_Enero', 2017),
(522, 9, 70, '503.35', '01_Enero', 2017),
(525, 9, 73, '617.62', '01_Enero', 2017),
(526, 9, 74, '617.98', '01_Enero', 2017),
(527, 9, 75, '536.81', '01_Enero', 2017),
(528, 9, 76, '471.60', '01_Enero', 2017),
(529, 9, 77, '632.91', '01_Enero', 2017),
(530, 9, 78, '571.56', '01_Enero', 2017),
(531, 9, 79, '561.56', '01_Enero', 2017),
(532, 9, 80, '670.47', '01_Enero', 2017),
(533, 9, 81, '616.04', '01_Enero', 2017),
(534, 9, 82, '672.42', '01_Enero', 2017),
(535, 9, 83, '590.45', '01_Enero', 2017),
(536, 9, 84, '581.17', '01_Enero', 2017),
(537, 9, 85, '552.77', '01_Enero', 2017),
(538, 9, 86, '513.49', '01_Enero', 2017),
(539, 9, 87, '621.28', '01_Enero', 2017),
(540, 9, 88, '602.79', '01_Enero', 2017),
(541, 9, 89, '536.68', '01_Enero', 2017),
(542, 9, 90, '385.59', '01_Enero', 2017),
(543, 10, 222, '0.00', '01_Enero', 2017),
(544, 10, 223, '4.00', '01_Enero', 2017),
(545, 10, 224, '7.00', '01_Enero', 2017),
(546, 10, 225, '7.00', '01_Enero', 2017),
(547, 10, 226, '3.00', '01_Enero', 2017),
(548, 10, 227, '6.00', '01_Enero', 2017),
(549, 10, 228, '6.00', '01_Enero', 2017),
(550, 10, 229, '5.00', '01_Enero', 2017),
(551, 10, 230, '10.00', '01_Enero', 2017),
(552, 10, 231, '10.00', '01_Enero', 2017),
(553, 10, 232, '10.00', '01_Enero', 2017),
(554, 10, 233, '3.00', '01_Enero', 2017),
(555, 10, 234, '7.00', '01_Enero', 2017),
(556, 10, 235, '7.00', '01_Enero', 2017),
(557, 10, 236, '4.00', '01_Enero', 2017),
(558, 10, 237, '0.00', '01_Enero', 2017),
(559, 10, 238, '5.00', '01_Enero', 2017),
(560, 10, 239, '3.00', '01_Enero', 2017),
(561, 10, 240, '8.00', '01_Enero', 2017),
(562, 10, 241, '7.00', '01_Enero', 2017),
(563, 10, 242, '4.00', '01_Enero', 2017),
(564, 10, 243, '6.00', '01_Enero', 2017),
(565, 10, 244, '6.00', '01_Enero', 2017),
(566, 10, 245, '7.00', '01_Enero', 2017),
(567, 10, 246, '4.00', '01_Enero', 2017),
(568, 10, 247, '6.00', '01_Enero', 2017),
(569, 10, 248, '4.00', '01_Enero', 2017),
(570, 10, 249, '8.00', '01_Enero', 2017),
(571, 10, 250, '10.00', '01_Enero', 2017),
(572, 10, 251, '10.00', '01_Enero', 2017),
(573, 10, 252, '3.00', '01_Enero', 2017),
(574, 10, 253, '5.00', '01_Enero', 2017),
(575, 10, 254, '4.00', '01_Enero', 2017),
(576, 10, 255, '5.00', '01_Enero', 2017),
(577, 10, 256, '2.00', '01_Enero', 2017),
(578, 10, 257, '10.00', '01_Enero', 2017),
(579, 10, 258, '6.00', '01_Enero', 2017),
(580, 10, 259, '4.00', '01_Enero', 2017),
(581, 10, 260, '10.00', '01_Enero', 2017),
(582, 10, 261, '3.00', '01_Enero', 2017),
(583, 10, 262, '9.00', '01_Enero', 2017),
(584, 10, 263, '1.00', '01_Enero', 2017),
(585, 10, 264, '10.00', '01_Enero', 2017),
(586, 10, 265, '8.00', '01_Enero', 2017),
(587, 10, 266, '10.00', '01_Enero', 2017),
(588, 10, 267, '10.00', '01_Enero', 2017),
(589, 11, 222, '0.96', '01_Enero', 2017),
(590, 11, 223, '0.81', '01_Enero', 2017),
(591, 11, 224, '0.91', '01_Enero', 2017),
(592, 11, 225, '0.84', '01_Enero', 2017),
(593, 11, 226, '0.76', '01_Enero', 2017),
(594, 11, 227, '0.91', '01_Enero', 2017),
(595, 11, 228, '0.63', '01_Enero', 2017),
(596, 11, 229, '0.88', '01_Enero', 2017),
(597, 11, 230, '0.66', '01_Enero', 2017),
(598, 11, 231, '0.83', '01_Enero', 2017),
(599, 11, 232, '0.79', '01_Enero', 2017),
(600, 11, 233, '0.91', '01_Enero', 2017),
(601, 11, 234, '0.69', '01_Enero', 2017),
(602, 11, 235, '0.70', '01_Enero', 2017),
(603, 11, 236, '0.67', '01_Enero', 2017),
(604, 11, 237, '0.80', '01_Enero', 2017),
(605, 11, 238, '0.97', '01_Enero', 2017),
(606, 11, 239, '0.96', '01_Enero', 2017),
(607, 11, 240, '0.81', '01_Enero', 2017),
(608, 11, 241, '0.65', '01_Enero', 2017),
(609, 11, 242, '0.67', '01_Enero', 2017),
(610, 11, 243, '0.83', '01_Enero', 2017),
(611, 11, 244, '0.70', '01_Enero', 2017),
(612, 11, 245, '0.62', '01_Enero', 2017),
(613, 11, 246, '0.89', '01_Enero', 2017),
(614, 11, 247, '0.75', '01_Enero', 2017),
(615, 11, 248, '0.85', '01_Enero', 2017),
(616, 11, 249, '0.76', '01_Enero', 2017),
(617, 11, 250, '0.77', '01_Enero', 2017),
(618, 11, 251, '0.86', '01_Enero', 2017),
(619, 11, 252, '0.75', '01_Enero', 2017),
(620, 11, 253, '0.92', '01_Enero', 2017),
(621, 11, 254, '0.65', '01_Enero', 2017),
(622, 11, 255, '0.84', '01_Enero', 2017),
(623, 11, 256, '0.70', '01_Enero', 2017),
(624, 11, 257, '0.93', '01_Enero', 2017),
(625, 11, 258, '0.85', '01_Enero', 2017),
(626, 11, 259, '1.00', '01_Enero', 2017),
(627, 11, 260, '0.69', '01_Enero', 2017),
(628, 11, 261, '0.75', '01_Enero', 2017),
(629, 11, 262, '0.81', '01_Enero', 2017),
(630, 11, 263, '0.63', '01_Enero', 2017),
(631, 11, 264, '0.80', '01_Enero', 2017),
(632, 11, 265, '0.66', '01_Enero', 2017),
(633, 11, 266, '0.96', '01_Enero', 2017),
(634, 11, 267, '0.79', '01_Enero', 2017),
(635, 12, 222, '0.90', '01_Enero', 2017),
(636, 12, 223, '0.88', '01_Enero', 2017),
(637, 12, 224, '1.00', '01_Enero', 2017),
(638, 12, 225, '0.92', '01_Enero', 2017),
(639, 12, 226, '1.00', '01_Enero', 2017),
(640, 12, 227, '0.94', '01_Enero', 2017),
(641, 12, 228, '0.85', '01_Enero', 2017),
(642, 12, 229, '0.86', '01_Enero', 2017),
(643, 12, 230, '0.90', '01_Enero', 2017),
(644, 12, 231, '0.95', '01_Enero', 2017),
(645, 12, 232, '0.92', '01_Enero', 2017),
(646, 12, 233, '0.85', '01_Enero', 2017),
(647, 12, 234, '0.92', '01_Enero', 2017),
(648, 12, 235, '0.91', '01_Enero', 2017),
(649, 12, 236, '0.94', '01_Enero', 2017),
(650, 12, 237, '0.95', '01_Enero', 2017),
(651, 12, 238, '0.93', '01_Enero', 2017),
(652, 12, 239, '0.92', '01_Enero', 2017),
(653, 12, 240, '0.90', '01_Enero', 2017),
(654, 12, 241, '0.95', '01_Enero', 2017),
(655, 12, 242, '0.85', '01_Enero', 2017),
(656, 12, 243, '0.93', '01_Enero', 2017),
(657, 12, 244, '0.93', '01_Enero', 2017),
(658, 12, 245, '0.89', '01_Enero', 2017),
(659, 12, 246, '0.98', '01_Enero', 2017),
(660, 12, 247, '1.00', '01_Enero', 2017),
(661, 12, 248, '0.98', '01_Enero', 2017),
(662, 12, 249, '0.92', '01_Enero', 2017),
(663, 12, 250, '0.89', '01_Enero', 2017),
(664, 12, 251, '0.96', '01_Enero', 2017),
(665, 12, 252, '0.96', '01_Enero', 2017),
(666, 12, 253, '0.94', '01_Enero', 2017),
(667, 12, 254, '0.98', '01_Enero', 2017),
(668, 12, 255, '0.98', '01_Enero', 2017),
(669, 12, 256, '0.86', '01_Enero', 2017),
(670, 12, 257, '0.98', '01_Enero', 2017),
(671, 12, 258, '0.92', '01_Enero', 2017),
(672, 12, 259, '0.85', '01_Enero', 2017),
(673, 12, 260, '0.98', '01_Enero', 2017),
(674, 12, 261, '0.98', '01_Enero', 2017),
(675, 12, 262, '0.89', '01_Enero', 2017),
(676, 12, 263, '0.90', '01_Enero', 2017),
(677, 12, 264, '0.89', '01_Enero', 2017),
(678, 12, 265, '0.98', '01_Enero', 2017),
(679, 12, 266, '0.94', '01_Enero', 2017),
(680, 12, 267, '0.92', '01_Enero', 2017),
(681, 10, 222, '8.00', '02_Febrero', 2017),
(682, 10, 223, '1.00', '02_Febrero', 2017),
(683, 10, 224, '6.00', '02_Febrero', 2017),
(684, 10, 225, '2.00', '02_Febrero', 2017),
(685, 10, 226, '7.00', '02_Febrero', 2017),
(686, 10, 227, '8.00', '02_Febrero', 2017),
(687, 10, 228, '7.00', '02_Febrero', 2017),
(688, 10, 229, '3.00', '02_Febrero', 2017),
(689, 10, 230, '2.00', '02_Febrero', 2017),
(690, 10, 231, '5.00', '02_Febrero', 2017),
(691, 10, 232, '2.00', '02_Febrero', 2017),
(692, 10, 233, '4.00', '02_Febrero', 2017),
(693, 10, 234, '2.00', '02_Febrero', 2017),
(694, 10, 235, '7.00', '02_Febrero', 2017),
(695, 10, 236, '1.00', '02_Febrero', 2017),
(696, 10, 237, '3.00', '02_Febrero', 2017),
(697, 10, 238, '7.00', '02_Febrero', 2017),
(698, 10, 239, '2.00', '02_Febrero', 2017),
(699, 10, 240, '4.00', '02_Febrero', 2017),
(700, 10, 241, '1.00', '02_Febrero', 2017),
(701, 10, 242, '4.00', '02_Febrero', 2017),
(702, 10, 243, '6.00', '02_Febrero', 2017),
(703, 10, 244, '4.00', '02_Febrero', 2017),
(704, 10, 245, '2.00', '02_Febrero', 2017),
(705, 10, 246, '6.00', '02_Febrero', 2017),
(706, 10, 247, '3.00', '02_Febrero', 2017),
(707, 10, 248, '8.00', '02_Febrero', 2017),
(708, 10, 249, '0.00', '02_Febrero', 2017),
(709, 10, 250, '7.00', '02_Febrero', 2017),
(710, 10, 251, '8.00', '02_Febrero', 2017),
(711, 10, 252, '5.00', '02_Febrero', 2017),
(712, 10, 253, '0.00', '02_Febrero', 2017),
(713, 10, 254, '6.00', '02_Febrero', 2017),
(714, 10, 255, '3.00', '02_Febrero', 2017),
(715, 10, 256, '3.00', '02_Febrero', 2017),
(716, 10, 257, '3.00', '02_Febrero', 2017),
(717, 10, 258, '3.00', '02_Febrero', 2017),
(718, 10, 259, '7.00', '02_Febrero', 2017),
(719, 10, 260, '8.00', '02_Febrero', 2017),
(720, 10, 261, '3.00', '02_Febrero', 2017),
(721, 10, 262, '8.00', '02_Febrero', 2017),
(722, 10, 263, '7.00', '02_Febrero', 2017),
(723, 10, 264, '5.00', '02_Febrero', 2017),
(724, 10, 265, '3.00', '02_Febrero', 2017),
(725, 10, 266, '4.00', '02_Febrero', 2017),
(726, 10, 267, '5.00', '02_Febrero', 2017),
(727, 11, 222, '0.98', '02_Febrero', 2017),
(728, 11, 223, '0.81', '02_Febrero', 2017),
(729, 11, 224, '0.83', '02_Febrero', 2017),
(730, 11, 225, '0.73', '02_Febrero', 2017),
(731, 11, 226, '0.94', '02_Febrero', 2017),
(732, 11, 227, '1.00', '02_Febrero', 2017),
(733, 11, 228, '0.73', '02_Febrero', 2017),
(734, 11, 229, '0.83', '02_Febrero', 2017),
(735, 11, 230, '0.90', '02_Febrero', 2017),
(736, 11, 231, '0.82', '02_Febrero', 2017),
(737, 11, 232, '0.98', '02_Febrero', 2017),
(738, 11, 233, '0.76', '02_Febrero', 2017),
(739, 11, 234, '0.77', '02_Febrero', 2017),
(740, 11, 235, '0.95', '02_Febrero', 2017),
(741, 11, 236, '0.81', '02_Febrero', 2017),
(742, 11, 237, '0.72', '02_Febrero', 2017),
(743, 11, 238, '0.97', '02_Febrero', 2017),
(744, 11, 239, '0.86', '02_Febrero', 2017),
(745, 11, 240, '0.84', '02_Febrero', 2017),
(746, 11, 241, '0.79', '02_Febrero', 2017),
(747, 11, 242, '0.85', '02_Febrero', 2017),
(748, 11, 243, '0.90', '02_Febrero', 2017),
(749, 11, 244, '0.78', '02_Febrero', 2017),
(750, 11, 245, '0.92', '02_Febrero', 2017),
(751, 11, 246, '0.70', '02_Febrero', 2017),
(752, 11, 247, '0.75', '02_Febrero', 2017),
(753, 11, 248, '0.73', '02_Febrero', 2017),
(754, 11, 249, '0.74', '02_Febrero', 2017),
(755, 11, 250, '0.71', '02_Febrero', 2017),
(756, 11, 251, '0.88', '02_Febrero', 2017),
(757, 11, 252, '0.70', '02_Febrero', 2017),
(758, 11, 253, '0.71', '02_Febrero', 2017),
(759, 11, 254, '1.00', '02_Febrero', 2017),
(760, 11, 255, '0.71', '02_Febrero', 2017),
(761, 11, 256, '1.00', '02_Febrero', 2017),
(762, 11, 257, '0.74', '02_Febrero', 2017),
(763, 11, 258, '0.99', '02_Febrero', 2017),
(764, 11, 259, '0.80', '02_Febrero', 2017),
(765, 11, 260, '0.87', '02_Febrero', 2017),
(766, 11, 261, '0.83', '02_Febrero', 2017),
(767, 11, 262, '0.91', '02_Febrero', 2017),
(768, 11, 263, '0.97', '02_Febrero', 2017),
(769, 11, 264, '0.89', '02_Febrero', 2017),
(770, 11, 265, '0.76', '02_Febrero', 2017),
(771, 11, 266, '1.00', '02_Febrero', 2017),
(772, 11, 267, '0.80', '02_Febrero', 2017),
(773, 12, 222, '1.00', '02_Febrero', 2017),
(774, 12, 223, '0.98', '02_Febrero', 2017),
(775, 12, 224, '0.92', '02_Febrero', 2017),
(776, 12, 225, '0.99', '02_Febrero', 2017),
(777, 12, 226, '0.91', '02_Febrero', 2017),
(778, 12, 227, '0.91', '02_Febrero', 2017),
(779, 12, 228, '0.90', '02_Febrero', 2017),
(780, 12, 229, '0.94', '02_Febrero', 2017),
(781, 12, 230, '0.96', '02_Febrero', 2017),
(782, 12, 231, '0.90', '02_Febrero', 2017),
(783, 12, 232, '0.95', '02_Febrero', 2017),
(784, 12, 233, '0.91', '02_Febrero', 2017),
(785, 12, 234, '0.98', '02_Febrero', 2017),
(786, 12, 235, '0.96', '02_Febrero', 2017),
(787, 12, 236, '0.94', '02_Febrero', 2017),
(788, 12, 237, '0.92', '02_Febrero', 2017),
(789, 12, 238, '0.90', '02_Febrero', 2017),
(790, 12, 239, '0.99', '02_Febrero', 2017),
(791, 12, 240, '0.96', '02_Febrero', 2017),
(792, 12, 241, '0.98', '02_Febrero', 2017),
(793, 12, 242, '0.95', '02_Febrero', 2017),
(794, 12, 243, '0.90', '02_Febrero', 2017),
(795, 12, 244, '0.95', '02_Febrero', 2017),
(796, 12, 245, '0.93', '02_Febrero', 2017),
(797, 12, 246, '1.00', '02_Febrero', 2017),
(798, 12, 247, '0.95', '02_Febrero', 2017),
(799, 12, 248, '0.93', '02_Febrero', 2017),
(800, 12, 249, '0.92', '02_Febrero', 2017),
(801, 12, 250, '1.00', '02_Febrero', 2017),
(802, 12, 251, '0.94', '02_Febrero', 2017),
(803, 12, 252, '1.00', '02_Febrero', 2017),
(804, 12, 253, '0.99', '02_Febrero', 2017),
(805, 12, 254, '0.96', '02_Febrero', 2017),
(806, 12, 255, '0.93', '02_Febrero', 2017),
(807, 12, 256, '0.90', '02_Febrero', 2017),
(808, 12, 257, '0.91', '02_Febrero', 2017),
(809, 12, 258, '0.99', '02_Febrero', 2017),
(810, 12, 259, '0.91', '02_Febrero', 2017),
(811, 12, 260, '0.95', '02_Febrero', 2017),
(812, 12, 261, '0.91', '02_Febrero', 2017),
(813, 12, 262, '0.98', '02_Febrero', 2017),
(814, 12, 263, '0.94', '02_Febrero', 2017),
(815, 12, 264, '0.97', '02_Febrero', 2017),
(816, 12, 265, '1.00', '02_Febrero', 2017),
(817, 12, 266, '0.96', '02_Febrero', 2017),
(818, 12, 267, '0.92', '02_Febrero', 2017),
(819, 10, 222, '4.00', '03_Marzo', 2017),
(820, 10, 223, '2.00', '03_Marzo', 2017),
(821, 10, 224, '1.00', '03_Marzo', 2017),
(822, 10, 225, '2.00', '03_Marzo', 2017),
(823, 10, 226, '2.00', '03_Marzo', 2017),
(824, 10, 227, '0.00', '03_Marzo', 2017),
(825, 10, 228, '0.00', '03_Marzo', 2017),
(826, 10, 229, '0.00', '03_Marzo', 2017),
(827, 10, 230, '0.00', '03_Marzo', 2017),
(828, 10, 231, '2.00', '03_Marzo', 2017),
(829, 10, 232, '3.00', '03_Marzo', 2017),
(830, 10, 233, '3.00', '03_Marzo', 2017),
(831, 10, 234, '2.00', '03_Marzo', 2017),
(832, 10, 235, '3.00', '03_Marzo', 2017),
(833, 10, 236, '5.00', '03_Marzo', 2017),
(834, 10, 237, '0.00', '03_Marzo', 2017),
(835, 10, 238, '4.00', '03_Marzo', 2017),
(836, 10, 239, '1.00', '03_Marzo', 2017),
(837, 10, 240, '5.00', '03_Marzo', 2017),
(838, 10, 241, '1.00', '03_Marzo', 2017),
(839, 10, 242, '5.00', '03_Marzo', 2017),
(840, 10, 243, '6.00', '03_Marzo', 2017),
(841, 10, 244, '3.00', '03_Marzo', 2017),
(842, 10, 245, '5.00', '03_Marzo', 2017),
(843, 10, 246, '4.00', '03_Marzo', 2017),
(844, 10, 247, '2.00', '03_Marzo', 2017),
(845, 10, 248, '1.00', '03_Marzo', 2017),
(846, 10, 249, '2.00', '03_Marzo', 2017),
(847, 10, 250, '2.00', '03_Marzo', 2017),
(848, 10, 251, '1.00', '03_Marzo', 2017),
(849, 10, 252, '2.00', '03_Marzo', 2017),
(850, 10, 253, '1.00', '03_Marzo', 2017),
(851, 10, 254, '4.00', '03_Marzo', 2017),
(852, 10, 255, '1.00', '03_Marzo', 2017),
(853, 10, 256, '6.00', '03_Marzo', 2017),
(854, 10, 257, '4.00', '03_Marzo', 2017),
(855, 10, 258, '6.00', '03_Marzo', 2017),
(856, 10, 259, '3.00', '03_Marzo', 2017),
(857, 10, 260, '6.00', '03_Marzo', 2017),
(858, 10, 261, '2.00', '03_Marzo', 2017),
(859, 10, 262, '3.00', '03_Marzo', 2017),
(860, 10, 263, '1.00', '03_Marzo', 2017),
(861, 10, 264, '6.00', '03_Marzo', 2017),
(862, 10, 265, '1.00', '03_Marzo', 2017),
(863, 10, 266, '2.00', '03_Marzo', 2017),
(864, 10, 267, '2.00', '03_Marzo', 2017),
(865, 11, 222, '0.94', '03_Marzo', 2017),
(866, 11, 223, '0.87', '03_Marzo', 2017),
(867, 11, 224, '0.97', '03_Marzo', 2017),
(868, 11, 225, '0.98', '03_Marzo', 2017),
(869, 11, 226, '0.94', '03_Marzo', 2017),
(870, 11, 227, '1.00', '03_Marzo', 2017),
(871, 11, 228, '0.99', '03_Marzo', 2017),
(872, 11, 229, '0.86', '03_Marzo', 2017),
(873, 11, 230, '0.87', '03_Marzo', 2017),
(874, 11, 231, '0.95', '03_Marzo', 2017),
(875, 11, 232, '0.86', '03_Marzo', 2017),
(876, 11, 233, '0.88', '03_Marzo', 2017),
(877, 11, 234, '0.93', '03_Marzo', 2017),
(878, 11, 235, '0.95', '03_Marzo', 2017),
(879, 11, 236, '0.90', '03_Marzo', 2017),
(880, 11, 237, '0.89', '03_Marzo', 2017),
(881, 11, 238, '0.96', '03_Marzo', 2017),
(882, 11, 239, '0.93', '03_Marzo', 2017),
(883, 11, 240, '1.00', '03_Marzo', 2017),
(884, 11, 241, '0.87', '03_Marzo', 2017),
(885, 11, 242, '0.81', '03_Marzo', 2017),
(886, 11, 243, '0.89', '03_Marzo', 2017),
(887, 11, 244, '0.87', '03_Marzo', 2017),
(888, 11, 245, '0.94', '03_Marzo', 2017),
(889, 11, 246, '0.86', '03_Marzo', 2017),
(890, 11, 247, '0.84', '03_Marzo', 2017),
(891, 11, 248, '0.88', '03_Marzo', 2017),
(892, 11, 249, '0.96', '03_Marzo', 2017),
(893, 11, 250, '0.82', '03_Marzo', 2017),
(894, 11, 251, '0.87', '03_Marzo', 2017),
(895, 11, 252, '0.97', '03_Marzo', 2017),
(896, 11, 253, '1.00', '03_Marzo', 2017),
(897, 11, 254, '0.84', '03_Marzo', 2017),
(898, 11, 255, '0.89', '03_Marzo', 2017),
(899, 11, 256, '0.90', '03_Marzo', 2017),
(900, 11, 257, '0.84', '03_Marzo', 2017),
(901, 11, 258, '0.80', '03_Marzo', 2017),
(902, 11, 259, '0.98', '03_Marzo', 2017),
(903, 11, 260, '1.00', '03_Marzo', 2017),
(904, 11, 261, '0.96', '03_Marzo', 2017),
(905, 11, 262, '0.94', '03_Marzo', 2017),
(906, 11, 263, '1.00', '03_Marzo', 2017),
(907, 11, 264, '0.92', '03_Marzo', 2017),
(908, 11, 265, '0.90', '03_Marzo', 2017),
(909, 11, 266, '0.97', '03_Marzo', 2017),
(910, 11, 267, '0.85', '03_Marzo', 2017),
(911, 12, 222, '0.98', '03_Marzo', 2017),
(912, 12, 223, '0.97', '03_Marzo', 2017),
(913, 12, 224, '0.99', '03_Marzo', 2017),
(914, 12, 225, '0.96', '03_Marzo', 2017),
(915, 12, 226, '0.95', '03_Marzo', 2017),
(916, 12, 227, '0.99', '03_Marzo', 2017),
(917, 12, 228, '0.93', '03_Marzo', 2017),
(918, 12, 229, '0.94', '03_Marzo', 2017),
(919, 12, 230, '0.98', '03_Marzo', 2017),
(920, 12, 231, '0.93', '03_Marzo', 2017),
(921, 12, 232, '0.97', '03_Marzo', 2017),
(922, 12, 233, '0.96', '03_Marzo', 2017),
(923, 12, 234, '1.00', '03_Marzo', 2017),
(924, 12, 235, '0.98', '03_Marzo', 2017),
(925, 12, 236, '0.99', '03_Marzo', 2017),
(926, 12, 237, '0.94', '03_Marzo', 2017),
(927, 12, 238, '0.97', '03_Marzo', 2017),
(928, 12, 239, '0.96', '03_Marzo', 2017),
(929, 12, 240, '0.99', '03_Marzo', 2017),
(930, 12, 241, '0.94', '03_Marzo', 2017),
(931, 12, 242, '0.94', '03_Marzo', 2017),
(932, 12, 243, '0.96', '03_Marzo', 2017),
(933, 12, 244, '0.96', '03_Marzo', 2017),
(934, 12, 245, '0.98', '03_Marzo', 2017),
(935, 12, 246, '0.96', '03_Marzo', 2017),
(936, 12, 247, '0.97', '03_Marzo', 2017),
(937, 12, 248, '0.96', '03_Marzo', 2017),
(938, 12, 249, '0.96', '03_Marzo', 2017),
(939, 12, 250, '0.93', '03_Marzo', 2017),
(940, 12, 251, '0.95', '03_Marzo', 2017),
(941, 12, 252, '0.99', '03_Marzo', 2017),
(942, 12, 253, '0.93', '03_Marzo', 2017),
(943, 12, 254, '0.96', '03_Marzo', 2017),
(944, 12, 255, '0.93', '03_Marzo', 2017),
(945, 12, 256, '0.93', '03_Marzo', 2017),
(946, 12, 257, '0.96', '03_Marzo', 2017),
(947, 12, 258, '0.96', '03_Marzo', 2017),
(948, 12, 259, '0.96', '03_Marzo', 2017),
(949, 12, 260, '0.98', '03_Marzo', 2017),
(950, 12, 261, '0.98', '03_Marzo', 2017),
(951, 12, 262, '0.95', '03_Marzo', 2017),
(952, 12, 263, '0.96', '03_Marzo', 2017),
(953, 12, 264, '0.98', '03_Marzo', 2017),
(954, 12, 265, '0.93', '03_Marzo', 2017),
(955, 12, 266, '0.96', '03_Marzo', 2017),
(956, 12, 267, '0.98', '03_Marzo', 2017),
(959, 3, 278, '1.00', '03_Marzo', 2015),
(960, 12, 275, '10000.00', '09_Septiembre', 2017),
(961, 3, 275, '30.00', '09_Septiembre', 2017),
(962, 10, 275, '30.00', '09_Septiembre', 2017),
(963, 12, 275, '500000.00', '11_Noviembre', 2017),
(964, 3, 275, '20.00', '11_Noviembre', 2017),
(965, 10, 275, '30.00', '11_Noviembre', 2017);

-- --------------------------------------------------------

--
-- Table structure for table `subarea`
--

CREATE TABLE `subarea` (
  `idsubarea` int(11) NOT NULL,
  `idarea` int(11) NOT NULL,
  `nombre` varchar(45) NOT NULL
) ENGINE=InnoDB DEFAULT CHARSET=utf8;

--
-- Dumping data for table `subarea`
--

INSERT INTO `subarea` (`idsubarea`, `idarea`, `nombre`) VALUES
(9, 17, 'RRHH'),
(10, 18, 'Marketing'),
(11, 19, 'Servicio al Cliente'),
(12, 20, 'Ventas'),
(13, 21, 'Contabilidad'),
(14, 22, 'Distribucion'),
(15, 23, 'Investigacion'),
(16, 23, 'Desarrollo'),
(17, 24, 'Administracion'),
(18, 25, 'Produccion'),
(19, 26, 'Operaciones'),
(20, 27, 'Compras'),
(21, 28, 'Departamento Legal'),
(23, 33, 'modelo pepito sanches'),
(25, 34, 'prueba-grave-as'),
(31, 18, 'pruebas1'),
(32, 18, 'pruebas2'),
(34, 21, 'pruebass1'),
(35, 21, 'Contabilidad-pepito'),
(36, 18, 'Marketing-juanito'),
(37, 21, 'pruebass2');

--
-- Indexes for dumped tables
--

--
-- Indexes for table `area`
--
ALTER TABLE `area`
  ADD PRIMARY KEY (`idarea`),
  ADD UNIQUE KEY `nombre_UNIQUE` (`nombre`);

--
-- Indexes for table `kpi`
--
ALTER TABLE `kpi`
  ADD PRIMARY KEY (`idkpi`),
  ADD UNIQUE KEY `nombre` (`nombre`);

--
-- Indexes for table `modelo`
--
ALTER TABLE `modelo`
  ADD PRIMARY KEY (`idmodelo`),
  ADD UNIQUE KEY `mes_modelo` (`mes_modelo`),
  ADD KEY `fk_area_modelo_idx` (`idarea`),
  ADD KEY `fk_subarea_modelo_idx` (`idsubarea`);

--
-- Indexes for table `objetivos`
--
ALTER TABLE `objetivos`
  ADD PRIMARY KEY (`idobjetivos`),
  ADD KEY `fk_modelo_objetivo_idx` (`idmodelo`),
  ADD KEY `fk_kpi_objetivo_idx` (`idkpi`);

--
-- Indexes for table `persona`
--
ALTER TABLE `persona`
  ADD PRIMARY KEY (`idpersona`),
  ADD UNIQUE KEY `documento` (`documento`),
  ADD KEY `fk_area_trabajador` (`idarea`),
  ADD KEY `fk_subarea_trabajador` (`idsubarea`);

--
-- Indexes for table `resultados`
--
ALTER TABLE `resultados`
  ADD PRIMARY KEY (`idresultados`),
  ADD KEY `fk_kpi_resultados_idx` (`idkpi`),
  ADD KEY `fk_persona_resultados_idx` (`idpersona`);

--
-- Indexes for table `subarea`
--
ALTER TABLE `subarea`
  ADD PRIMARY KEY (`idsubarea`),
  ADD UNIQUE KEY `nombre_2` (`nombre`),
  ADD KEY `fk_area_subarea_idx` (`idarea`),
  ADD KEY `nombre` (`nombre`);

--
-- AUTO_INCREMENT for dumped tables
--

--
-- AUTO_INCREMENT for table `area`
--
ALTER TABLE `area`
  MODIFY `idarea` int(11) NOT NULL AUTO_INCREMENT, AUTO_INCREMENT=35;
--
-- AUTO_INCREMENT for table `kpi`
--
ALTER TABLE `kpi`
  MODIFY `idkpi` int(11) NOT NULL AUTO_INCREMENT, AUTO_INCREMENT=17;
--
-- AUTO_INCREMENT for table `modelo`
--
ALTER TABLE `modelo`
  MODIFY `idmodelo` int(11) NOT NULL AUTO_INCREMENT, AUTO_INCREMENT=35;
--
-- AUTO_INCREMENT for table `objetivos`
--
ALTER TABLE `objetivos`
  MODIFY `idobjetivos` int(11) NOT NULL AUTO_INCREMENT, AUTO_INCREMENT=131;
--
-- AUTO_INCREMENT for table `persona`
--
ALTER TABLE `persona`
  MODIFY `idpersona` int(11) NOT NULL AUTO_INCREMENT, AUTO_INCREMENT=279;
--
-- AUTO_INCREMENT for table `resultados`
--
ALTER TABLE `resultados`
  MODIFY `idresultados` int(11) NOT NULL AUTO_INCREMENT, AUTO_INCREMENT=966;
--
-- AUTO_INCREMENT for table `subarea`
--
ALTER TABLE `subarea`
  MODIFY `idsubarea` int(11) NOT NULL AUTO_INCREMENT, AUTO_INCREMENT=38;
--
-- Constraints for dumped tables
--

--
-- Constraints for table `modelo`
--
ALTER TABLE `modelo`
  ADD CONSTRAINT `fk_area_modelo` FOREIGN KEY (`idarea`) REFERENCES `area` (`idarea`) ON DELETE CASCADE ON UPDATE CASCADE,
  ADD CONSTRAINT `fk_subarea_modelo` FOREIGN KEY (`idsubarea`) REFERENCES `subarea` (`idsubarea`) ON DELETE CASCADE ON UPDATE CASCADE;

--
-- Constraints for table `objetivos`
--
ALTER TABLE `objetivos`
  ADD CONSTRAINT `fk_kpi_objetivo` FOREIGN KEY (`idkpi`) REFERENCES `kpi` (`idkpi`) ON DELETE CASCADE ON UPDATE CASCADE,
  ADD CONSTRAINT `fk_modelo_objetivo` FOREIGN KEY (`idmodelo`) REFERENCES `modelo` (`idmodelo`) ON DELETE CASCADE ON UPDATE CASCADE;

--
-- Constraints for table `persona`
--
ALTER TABLE `persona`
  ADD CONSTRAINT `fk_area_trabajador` FOREIGN KEY (`idarea`) REFERENCES `area` (`idarea`),
  ADD CONSTRAINT `fk_subarea_trabajador` FOREIGN KEY (`idsubarea`) REFERENCES `subarea` (`idsubarea`);

--
-- Constraints for table `resultados`
--
ALTER TABLE `resultados`
  ADD CONSTRAINT `fk_kpi_resultados` FOREIGN KEY (`idkpi`) REFERENCES `kpi` (`idkpi`) ON DELETE CASCADE ON UPDATE CASCADE,
  ADD CONSTRAINT `fk_persona_resultados` FOREIGN KEY (`idpersona`) REFERENCES `persona` (`idpersona`) ON DELETE CASCADE ON UPDATE CASCADE;

--
-- Constraints for table `subarea`
--
ALTER TABLE `subarea`
  ADD CONSTRAINT `fk_area_subarea` FOREIGN KEY (`idarea`) REFERENCES `area` (`idarea`) ON DELETE CASCADE ON UPDATE CASCADE;
COMMIT;

/*!40101 SET CHARACTER_SET_CLIENT=@OLD_CHARACTER_SET_CLIENT */;
/*!40101 SET CHARACTER_SET_RESULTS=@OLD_CHARACTER_SET_RESULTS */;
/*!40101 SET COLLATION_CONNECTION=@OLD_COLLATION_CONNECTION */;
